study_hours_per_day,assignments_per_week,exam_prep_days,academic_pressure,anxiety_level,motivation_level,sleep_hours,exercise_days_per_week,screen_time_hours,family_support,peer_support,commute_time_minutes,stress_level
3.7,6,16,9,8,4,3.3,6,4.5,7,9,32,58.99
9.5,2,9,7,2,1,5.1,3,0.5,7,10,23,33.17
7.3,6,19,7,7,8,5.0,2,4.4,3,3,60,68.01
6.0,7,5,2,2,2,4.0,4,7.3,1,10,54,41.3
1.6,9,24,8,2,3,5.0,5,1.4,10,8,60,47.81
1.6,5,13,3,4,5,5.2,4,11.1,9,1,83,40.65
0.6,9,10,8,1,3,6.7,5,0.9,6,4,96,46.77
8.7,8,10,3,5,7,7.6,7,11.2,7,4,94,52.77
6.0,5,28,10,6,7,5.7,5,8.5,1,6,39,71.62
7.1,8,17,7,9,2,8.0,6,4.0,1,2,57,79.95
0.2,3,26,2,10,7,5.4,6,4.7,4,7,118,54.58
9.7,7,22,4,8,6,5.0,4,8.9,7,5,71,70.31
8.3,10,21,6,2,10,6.8,1,7.2,8,10,73,51.3
2.1,3,17,9,1,9,3.2,7,8.1,10,6,0,17.86
1.8,1,23,5,2,9,3.6,3,4.7,9,6,84,25.85
1.8,9,22,9,7,2,5.9,6,5.9,1,6,24,70.86
3.0,10,10,5,4,7,9.6,7,11.9,4,10,95,44.19
5.2,8,20,10,10,5,8.1,6,2.6,4,8,52,74.04
4.3,4,11,8,5,6,3.6,6,5.0,3,10,60,44.89
2.9,3,4,1,7,1,8.9,2,3.5,7,4,45,25.42
6.1,1,22,7,3,7,8.1,4,9.2,1,10,109,54.34
1.4,0,8,4,10,6,7.3,4,9.2,9,8,73,33.18
2.9,10,26,5,2,4,8.7,6,3.5,8,9,59,43.37
3.7,6,30,6,7,1,5.8,2,1.0,2,4,50,71.13
4.6,5,24,5,5,9,4.6,6,0.1,2,1,120,58.44
7.9,1,8,1,1,4,6.6,3,5.1,8,3,111,27.0
2.0,7,21,9,1,2,6.8,2,4.9,1,1,72,62.1
5.1,10,9,2,9,8,6.8,6,11.9,7,7,83,54.76
5.9,3,21,9,5,2,7.0,5,5.6,9,1,47,57.14
0.5,7,18,10,1,5,9.6,1,3.1,3,4,83,50.12
6.1,6,0,2,7,6,9.3,5,10.7,7,1,39,33.01
1.7,4,6,9,9,8,9.1,1,5.9,6,2,6,44.29
0.7,9,3,6,1,1,8.6,2,7.2,7,1,74,40.19
9.5,9,0,9,10,1,9.6,5,1.1,7,5,84,70.46
9.7,7,14,6,4,4,3.7,3,4.6,10,7,101,62.01
8.1,8,7,6,3,5,4.9,7,11.3,1,3,110,63.91
3.0,4,11,2,5,9,6.5,5,7.1,3,8,18,20.95
1.0,9,21,8,7,7,8.9,4,4.1,10,5,109,56.97
6.8,4,21,3,8,7,6.5,7,7.5,1,5,14,47.54
4.4,1,17,7,2,8,8.2,7,10.9,5,5,69,33.91
1.2,4,14,5,7,5,4.0,1,3.3,3,8,60,48.73
5.0,2,16,3,1,5,4.8,1,6.1,1,2,55,38.16
0.3,6,28,1,7,1,8.1,6,11.5,2,2,9,53.01
9.1,9,13,8,8,9,4.2,3,2.1,10,8,45,58.16
2.6,4,13,3,2,6,5.5,1,8.6,5,9,79,29.38
6.6,7,17,2,9,9,4.9,1,7.4,3,10,108,62.62
3.1,0,19,1,1,3,5.4,6,8.2,6,10,74,19.58
5.2,2,17,4,6,5,8.0,3,4.2,9,2,56,40.68
5.5,2,15,8,1,2,5.6,5,3.8,6,4,34,38.3
1.8,8,0,3,3,10,6.9,2,8.2,2,8,71,22.36
9.7,4,22,1,6,5,3.7,5,2.6,2,2,91,62.32
7.8,8,26,4,3,8,8.6,4,5.0,8,4,2,38.52
9.4,8,10,9,8,2,5.6,4,2.3,8,10,65,68.23
8.9,0,14,1,5,8,7.5,1,0.1,6,1,52,28.09
6.0,1,11,2,2,4,8.1,7,11.6,10,2,77,26.37
9.2,4,7,9,4,10,4.5,4,5.2,7,7,51,42.92
0.9,3,21,2,9,10,9.2,2,11.6,1,1,92,52.0
2.0,9,19,3,4,1,7.3,1,1.7,9,1,52,47.34
0.5,8,29,7,10,5,6.0,6,7.0,5,2,53,76.22
3.3,6,5,3,10,1,4.3,4,2.4,9,4,46,49.54
3.9,5,2,9,8,7,9.6,7,9.5,2,7,2,39.27
2.7,6,27,6,5,8,8.3,6,9.4,8,4,64,49.43
8.3,0,23,3,10,3,4.5,0,1.4,7,5,14,51.6
3.6,0,25,9,1,3,5.4,0,10.9,4,4,83,56.38
2.8,7,29,1,7,7,8.7,0,2.3,3,4,85,57.63
5.4,1,12,10,3,4,7.9,6,7.4,4,9,33,40.16
1.4,9,12,3,10,3,8.4,0,11.8,4,6,49,62.9
8.0,10,1,1,8,8,6.1,5,10.6,10,3,32,41.76
0.7,8,4,2,3,3,8.0,0,11.5,10,6,72,30.87
9.9,6,16,8,1,7,5.7,1,4.1,8,7,2,37.83
7.7,5,5,7,5,2,4.5,3,1.3,4,7,1,43.93
2.0,0,1,2,2,1,7.4,5,2.3,5,8,3,1.57
0.1,0,3,2,4,6,9.8,7,6.0,2,4,15,2.14
8.2,1,21,9,1,8,5.2,3,9.5,4,1,53,53.86
7.1,5,25,6,9,1,6.2,1,1.8,7,6,32,64.95
7.3,5,10,5,6,10,7.7,7,7.9,3,8,8,33.7
7.7,1,7,10,8,9,6.8,1,3.9,1,5,56,55.64
0.7,0,11,6,4,3,8.9,2,4.1,8,3,39,23.12
3.6,9,7,9,9,3,8.3,7,7.9,8,4,101,70.36
1.2,4,10,7,2,4,3.4,5,5.6,6,8,51,28.73
8.6,4,21,10,9,1,10.0,3,9.7,7,6,81,82.83
6.2,1,19,10,5,9,8.3,0,1.9,10,5,15,36.17
3.3,5,7,9,6,3,9.0,1,9.5,2,9,7,50.56
0.6,8,28,4,3,10,7.6,0,0.8,5,10,86,38.45
3.1,1,7,2,4,4,9.0,7,2.3,7,3,59,13.13
3.3,9,25,8,6,1,3.8,3,7.9,9,7,35,70.1
7.3,1,29,4,7,4,5.4,6,10.3,1,9,2,55.8
6.4,2,16,9,1,1,9.1,5,3.0,3,4,14,39.97
8.9,6,19,4,7,5,4.4,4,3.9,6,10,101,62.52
4.7,5,19,8,1,5,3.5,6,6.4,7,10,96,48.78
1.2,7,22,9,5,7,8.5,7,2.5,6,3,81,53.43
7.1,7,15,9,6,8,8.8,7,9.7,1,1,22,62.96
7.6,5,13,10,2,4,4.1,6,9.3,4,9,106,62.43
5.6,10,29,4,10,7,9.0,4,1.7,6,1,2,62.86
7.7,9,10,1,9,4,7.8,7,5.6,8,2,29,47.92
4.9,2,6,3,10,3,6.6,7,9.3,10,9,44,33.28
5.2,2,15,9,6,6,8.8,1,4.0,4,5,16,45.52
4.3,0,12,4,7,4,5.9,2,7.6,7,4,113,49.64
0.3,6,26,5,10,3,4.4,7,0.6,3,9,57,61.68
1.1,4,14,7,8,9,5.0,0,7.3,8,9,57,43.89
0.3,3,23,5,10,5,6.5,1,1.8,1,2,95,64.71
6.4,9,15,4,1,7,6.7,2,10.0,4,3,109,54.99
3.1,3,26,2,8,6,8.6,0,4.3,8,3,56,45.14
5.1,3,20,2,4,10,8.5,3,3.4,10,5,6,12.2
9.1,5,22,4,10,5,7.1,6,10.1,4,3,38,69.87
2.5,7,23,10,8,7,8.5,6,0.6,2,10,77,64.78
4.1,7,30,10,6,6,4.3,4,4.8,2,6,57,80.55
7.6,4,8,9,9,10,3.4,2,4.4,4,2,55,63.08
2.3,5,2,8,4,2,9.1,0,3.4,4,6,14,34.35
0.8,3,18,3,2,3,3.5,7,10.9,2,6,43,35.08
2.9,10,19,9,2,2,4.7,1,9.0,7,2,11,58.46
1.6,8,4,5,5,3,7.9,0,0.8,6,6,7,30.42
9.3,7,9,3,10,1,5.9,1,8.6,3,6,79,77.31
8.1,9,16,5,9,8,9.1,6,6.3,8,6,40,59.22
6.3,9,14,10,3,6,5.1,4,10.8,8,5,33,58.23
8.7,0,30,4,8,2,3.1,7,3.8,1,7,45,66.34
8.0,1,22,8,4,8,5.1,4,6.9,3,5,87,57.96
1.9,8,24,5,6,6,7.0,0,6.0,5,1,119,68.85
8.9,7,7,10,10,7,5.6,0,5.9,2,9,28,74.02
5.4,2,14,8,6,1,6.7,1,5.5,5,3,15,54.82
8.1,7,30,9,3,7,9.1,1,2.5,10,2,4,54.2
9.0,0,20,4,5,3,9.4,2,9.1,3,10,4,37.81
3.2,9,29,7,3,8,4.9,6,5.4,9,6,115,62.82
1.1,3,13,2,1,6,6.2,2,11.5,1,8,29,18.85
2.3,2,19,6,7,4,6.8,2,3.1,4,2,116,61.66
4.3,5,27,8,4,8,9.6,0,8.2,10,4,49,53.39
8.2,6,6,7,7,9,10.0,5,11.3,6,2,113,58.0
8.6,3,20,7,3,10,4.6,5,8.0,9,9,4,30.7
0.1,6,22,8,5,2,8.1,5,10.5,3,10,106,65.03
5.1,8,11,7,5,6,5.6,5,9.9,3,2,12,53.01
4.2,10,16,5,2,5,3.1,2,4.3,5,10,98,52.07
2.2,1,16,7,10,5,3.1,0,7.2,7,2,48,60.31
1.2,10,9,10,2,10,6.2,5,1.9,5,5,88,41.55
3.4,2,29,3,4,3,6.4,7,6.4,8,5,49,39.79
9.4,4,28,5,4,8,3.2,4,2.8,5,7,13,46.15
3.2,2,18,7,4,8,7.8,3,8.9,7,1,107,50.68
5.2,10,13,9,6,5,5.1,4,6.3,6,2,45,66.81
7.0,7,10,2,2,8,6.9,0,4.9,10,6,89,30.54
3.6,9,1,4,6,10,5.1,0,3.2,2,2,81,47.92
9.7,7,17,7,7,8,4.2,3,12.0,3,4,83,77.48
9.6,7,6,1,10,3,5.9,1,0.9,4,10,33,51.39
2.5,8,11,2,3,2,4.6,1,0.5,5,6,70,42.07
5.0,3,25,9,8,9,6.7,7,2.6,9,7,46,46.41
3.0,4,1,10,2,2,4.4,1,11.7,6,10,59,44.21
2.8,4,26,7,8,9,6.6,2,11.8,1,5,73,69.7
0.4,7,19,10,5,4,4.1,1,7.9,3,8,78,70.6
6.1,6,17,7,2,2,7.7,6,10.6,7,6,80,52.29
5.0,8,5,6,7,10,8.3,2,2.6,8,5,10,29.49
0.5,7,23,3,2,1,3.8,2,11.7,7,4,97,57.94
2.8,1,9,10,6,4,6.3,7,1.7,5,6,90,46.61
9.1,9,19,3,10,9,3.5,1,1.2,10,6,84,66.56
2.4,3,14,2,3,9,7.2,1,1.3,8,6,94,20.53
1.4,5,4,6,9,4,4.9,7,6.9,9,1,49,44.1
4.9,1,19,4,3,9,6.7,3,9.4,7,6,120,38.83
9.9,6,2,5,3,6,6.6,5,4.4,9,1,3,28.58
2.4,2,4,3,5,1,9.5,7,11.7,1,5,40,30.19
6.7,2,29,6,7,10,6.8,3,5.2,9,7,58,51.57
7.6,10,24,3,8,6,7.1,2,1.8,3,1,59,73.1
2.4,1,7,8,7,9,5.8,3,5.6,6,1,112,45.1
7.3,10,7,9,9,2,9.6,2,8.1,8,6,80,78.03
3.7,7,7,4,5,6,8.4,0,10.0,3,7,112,50.42
6.3,5,11,9,10,2,5.0,2,5.5,4,6,61,77.87
6.3,0,23,7,3,4,8.9,2,7.1,7,5,111,53.83
5.4,0,22,3,6,8,6.0,3,3.2,7,6,83,35.92
0.9,6,7,7,5,7,8.8,5,7.8,4,3,24,35.55
8.4,7,10,1,4,9,8.8,0,11.8,9,9,103,39.39
3.2,4,13,3,2,7,4.3,4,0.6,3,5,86,31.97
1.9,10,7,6,7,1,7.9,4,10.6,8,2,78,66.42
0.4,4,28,4,5,2,5.0,5,6.7,8,10,32,40.49
5.9,3,29,7,4,6,5.1,4,3.0,4,10,18,45.18
6.8,5,23,3,8,7,5.1,0,11.5,7,7,56,59.56
0.2,5,27,1,9,3,8.1,1,5.8,4,3,14,48.54
5.1,2,9,9,9,9,4.6,0,4.0,1,1,40,59.13
2.3,8,6,6,3,7,3.0,3,2.2,1,3,68,45.97
6.5,10,27,8,3,6,8.0,7,2.9,1,9,79,66.79
1.7,6,16,3,5,6,4.2,6,10.0,2,5,59,47.9
6.9,0,3,8,5,1,3.7,2,7.4,6,7,108,55.1
3.9,6,28,2,10,5,4.7,2,11.0,10,3,111,77.2
9.4,4,12,4,2,10,5.7,7,2.8,5,4,95,34.17
1.4,4,3,3,1,3,6.3,3,1.5,2,1,21,21.78
3.4,1,4,10,8,7,3.3,3,0.1,8,3,42,41.89
1.1,3,25,1,3,10,9.8,6,6.1,9,7,31,6.65
9.2,5,21,7,1,3,8.0,6,12.0,7,4,12,46.2
8.8,9,3,10,1,5,5.3,2,8.3,9,2,37,52.19
2.6,10,30,2,2,7,5.2,6,3.7,4,5,25,40.67
6.6,6,17,4,6,3,6.1,6,10.5,7,5,115,66.27
8.2,10,5,9,6,10,7.4,6,9.4,5,2,80,64.48
5.6,4,30,6,3,2,4.0,7,0.2,5,6,4,46.27
5.3,8,23,8,4,6,4.3,5,9.8,3,10,48,62.19
2.4,2,30,2,2,8,9.0,1,3.6,9,4,96,26.87
0.9,0,23,7,2,4,4.8,6,1.8,10,1,90,34.51
9.0,3,22,6,7,9,5.7,1,2.7,5,3,4,51.75
9.0,8,21,9,1,8,9.1,1,5.6,6,9,100,58.97
6.3,3,1,7,7,7,7.6,3,5.1,3,10,70,38.76
3.4,1,30,1,1,7,5.4,6,3.5,10,7,47,15.36
3.5,9,22,8,6,3,7.8,2,2.1,7,6,17,58.77
7.3,4,10,10,3,6,3.1,5,9.1,9,1,94,57.46
9.0,2,27,3,8,5,8.1,2,11.9,9,9,5,48.94
8.9,8,13,2,6,1,6.4,6,9.3,10,9,65,52.73
7.8,3,29,3,2,3,8.7,2,3.6,10,1,76,44.24
6.4,5,4,6,8,1,9.7,6,2.9,5,6,41,47.09
0.8,1,5,3,5,4,9.5,5,2.6,7,7,116,22.06
1.6,5,9,10,8,10,9.4,0,1.6,3,2,51,50.96
9.0,2,7,5,8,3,6.6,5,6.6,6,10,10,41.73
6.1,8,13,6,6,4,5.5,7,7.3,8,8,25,46.41
0.1,10,23,8,2,9,6.3,0,8.5,8,8,20,40.36
1.0,1,2,7,8,3,7.8,4,8.2,2,6,65,44.07
6.6,8,11,8,6,6,9.2,0,3.5,6,9,39,52.13
0.1,4,15,3,6,6,4.4,1,4.0,7,3,55,37.37
1.6,7,27,4,8,7,9.4,7,8.2,7,2,117,68.93
5.5,1,29,6,1,9,8.7,1,4.2,3,2,50,39.39
6.9,5,22,7,2,7,9.9,7,2.6,9,6,19,31.06
6.5,2,16,9,9,1,9.2,5,4.5,2,7,80,72.05
2.2,9,0,1,8,8,5.0,1,3.3,3,6,79,41.29
7.1,4,22,8,7,5,3.7,1,1.1,2,3,56,71.65
2.4,7,30,8,7,9,3.8,4,10.0,9,5,105,74.29
3.3,9,30,6,5,10,5.0,1,10.2,4,8,4,54.82
7.5,0,9,4,2,5,7.3,3,2.6,2,6,13,19.69
6.5,4,24,3,6,5,8.6,3,0.8,3,2,23,45.43
8.5,2,22,3,10,2,9.3,3,8.9,4,7,114,73.28
6.6,3,9,6,3,3,7.4,0,2.5,10,8,67,38.01
5.7,1,20,8,4,10,3.0,5,4.7,6,4,51,38.86
0.9,8,23,7,10,9,4.3,5,0.8,5,1,47,64.72
3.7,2,1,1,2,7,3.7,2,2.7,3,2,87,17.57
2.7,1,8,6,2,1,5.5,4,9.5,10,4,46,27.65
2.4,9,21,7,8,3,6.5,3,9.7,8,7,59,71.41
9.7,10,12,7,8,2,3.3,3,2.5,8,2,72,81.23
3.9,8,24,9,10,1,5.4,1,4.0,7,6,2,75.02
8.9,6,15,10,6,9,4.3,3,1.6,3,2,118,75.2
6.3,5,17,5,5,8,7.5,1,0.9,1,7,8,40.09
7.9,0,18,1,8,5,6.2,1,11.9,5,2,81,54.89
5.0,4,11,2,4,2,6.5,2,7.9,1,3,99,52.95
5.8,10,7,4,4,1,6.0,0,6.5,6,9,82,56.47
4.9,10,16,5,5,7,9.7,1,9.2,7,4,23,47.46
2.0,2,14,9,1,2,4.5,1,10.1,5,5,3,42.21
7.2,0,9,1,1,1,6.6,5,9.7,4,9,8,16.64
2.8,3,14,3,2,2,8.2,2,0.2,2,7,96,31.0
0.2,1,14,5,8,7,6.9,1,2.2,5,8,0,24.9
6.5,1,30,3,7,7,9.5,4,7.9,9,3,115,53.54
1.8,2,22,4,10,10,5.6,0,4.5,4,4,114,60.06
9.4,7,6,3,9,6,6.2,7,11.8,2,7,34,54.79
9.5,7,12,4,5,5,3.6,4,8.0,6,4,73,59.75
9.1,6,16,1,2,3,7.3,3,11.5,8,2,11,38.75
3.7,5,8,8,7,3,5.0,0,2.4,2,10,17,51.95
0.2,8,7,4,8,9,4.1,3,10.4,9,6,77,41.66
9.3,3,19,7,7,4,6.8,5,3.9,7,9,9,48.39
4.3,0,25,2,7,9,6.7,6,11.9,2,2,73,46.62
9.7,7,26,2,5,4,3.5,6,1.9,5,1,17,55.66
9.6,6,20,6,2,2,7.9,6,6.2,5,8,23,51.14
8.5,6,17,2,6,4,7.4,1,9.5,7,1,0,49.84
2.9,2,12,6,4,6,4.3,2,5.2,5,1,93,43.89
3.9,3,15,2,10,6,6.3,4,5.6,6,3,78,51.55
8.5,9,8,4,2,5,8.0,3,11.8,9,5,71,48.98
3.2,8,30,7,9,1,6.7,1,5.1,3,9,98,90.89
1.7,5,11,8,7,3,5.8,6,7.2,3,10,81,53.97
5.6,4,11,3,6,5,5.3,4,0.7,8,2,104,43.74
9.4,2,5,9,5,6,7.3,4,10.1,10,1,15,43.4
7.0,8,18,2,3,1,9.6,5,7.8,6,1,84,53.88
5.7,4,27,8,10,9,7.7,5,4.8,10,8,14,52.58
1.0,4,6,8,10,3,3.5,6,0.2,3,10,61,53.27
6.2,3,24,4,4,10,6.2,3,7.1,2,10,4,31.53
9.9,3,2,1,3,3,9.2,6,0.2,2,10,44,18.28
1.4,0,15,1,8,2,3.7,6,0.0,2,2,117,42.13
5.2,6,17,2,3,8,9.9,1,7.4,5,9,51,28.1
8.8,8,15,9,7,3,9.6,2,2.3,5,9,70,69.53
7.4,2,22,2,7,6,3.5,6,2.3,1,2,111,59.27
7.0,1,6,2,7,2,9.5,3,7.8,2,3,6,37.45
7.0,2,3,6,7,7,5.5,4,0.6,2,2,26,35.63
3.6,0,26,7,2,4,8.9,4,3.8,4,6,88,41.93
2.9,5,24,7,10,9,5.9,7,1.8,7,7,85,58.31
8.1,10,29,9,3,10,6.1,0,7.0,3,6,111,84.18
8.1,10,7,6,10,9,7.4,6,7.9,5,3,12,55.83
8.7,6,12,8,9,7,8.4,7,8.7,9,3,16,56.96
9.1,10,12,6,3,8,3.2,7,3.1,5,2,104,61.53
5.1,10,16,2,2,3,7.2,1,1.1,9,2,43,37.54
5.0,1,16,1,9,5,4.3,0,0.9,1,5,12,41.99
8.0,7,4,5,10,2,5.4,5,5.1,9,8,89,62.97
6.5,5,5,9,9,10,5.4,2,11.4,5,6,72,61.2
7.0,3,18,8,4,7,6.3,3,2.6,8,9,4,33.89
8.0,4,12,4,9,8,5.3,6,3.1,5,5,102,55.05
8.9,7,24,5,3,9,3.8,4,1.2,6,10,32,43.19
3.4,2,27,5,7,7,4.0,1,7.3,8,4,3,46.73
3.8,2,25,6,7,10,3.2,4,8.2,2,9,91,60.67
0.9,10,13,3,8,10,6.3,6,7.7,3,10,25,36.33
5.8,3,30,5,10,8,9.7,5,10.3,9,5,67,63.87
0.4,0,21,2,4,9,3.8,0,5.8,5,1,15,19.23
4.7,8,3,10,3,6,9.6,6,1.6,5,5,100,45.68
5.4,7,27,1,3,10,8.1,0,3.5,9,5,21,29.03
2.9,7,6,1,5,2,7.5,3,7.9,10,5,35,28.97
5.9,9,7,10,1,2,7.5,1,7.4,3,2,101,67.53
0.3,5,24,7,10,4,8.8,5,6.4,4,6,57,62.98
0.4,6,12,2,3,9,3.7,1,8.2,7,5,54,25.28
8.2,5,26,4,6,7,6.5,3,7.6,2,2,34,60.73
3.6,8,5,5,3,2,7.9,5,10.6,8,10,24,32.77
1.3,2,30,7,5,8,7.1,7,7.0,5,8,71,45.43
5.2,2,5,2,9,7,8.8,5,9.3,1,6,80,40.2
7.7,2,23,6,2,9,3.5,0,3.0,3,10,60,44.45
2.2,9,27,1,2,8,7.8,0,8.1,9,3,17,32.59
6.2,2,20,7,6,3,6.7,0,10.8,5,9,113,70.35
0.9,8,29,9,6,1,5.7,4,4.6,8,4,57,73.06
0.5,3,2,5,8,2,5.4,7,9.3,1,3,120,54.8
5.3,6,27,5,2,2,7.3,2,8.7,7,7,75,55.74
5.4,8,2,4,9,4,9.2,6,0.7,7,8,120,51.01
6.4,10,12,3,2,6,6.5,0,7.0,8,7,56,42.16
7.3,6,21,9,1,4,8.8,2,1.6,3,1,96,63.67
9.8,8,1,5,10,9,5.8,2,11.6,1,1,86,75.19
5.2,2,15,8,2,4,3.7,1,9.7,9,5,62,48.68
3.2,3,21,9,7,6,3.4,3,1.3,1,8,11,53.01
8.0,7,28,5,8,6,3.4,4,1.5,6,10,10,60.61
2.7,5,5,10,5,10,5.7,2,7.1,9,3,12,32.99
4.4,4,7,9,6,10,5.4,6,4.1,2,8,34,38.05
0.8,3,22,2,1,1,8.0,4,0.4,4,3,26,24.86
0.3,7,7,9,6,8,8.2,1,6.5,2,4,88,55.8
9.6,0,29,4,8,3,3.4,0,4.7,4,10,103,74.98
8.4,8,24,6,3,6,4.5,5,1.2,2,7,66,63.41
7.0,0,5,6,1,3,4.9,2,9.6,1,3,112,48.26
4.1,7,13,6,4,2,6.8,3,11.0,3,4,88,65.13
1.7,3,2,2,1,5,4.0,5,9.1,8,8,44,7.56
1.6,8,9,7,8,1,3.9,1,9.9,5,4,73,73.38
2.5,10,2,6,5,9,9.6,4,2.6,4,9,80,34.5
5.5,4,26,1,1,7,8.6,6,3.2,5,4,66,27.95
7.1,2,11,2,8,3,4.3,7,2.5,6,4,108,51.62
6.6,8,16,7,9,4,5.8,0,9.2,6,5,21,70.78
2.8,10,26,1,10,6,5.5,4,11.4,5,1,101,82.4
9.5,8,30,1,2,3,8.5,3,8.6,6,7,77,56.06
7.4,3,28,1,9,7,6.6,2,10.6,9,9,90,55.52
5.5,10,30,8,8,6,3.9,3,7.7,5,9,41,83.19
6.1,3,4,4,7,9,8.2,4,4.7,6,1,19,28.27
4.2,7,29,4,3,5,5.8,4,5.1,4,6,47,52.69
2.5,1,19,2,2,4,4.8,5,0.9,3,3,17,21.75
3.6,8,24,1,7,3,5.6,3,0.4,6,4,76,56.68
7.6,5,30,10,5,10,6.5,3,8.3,5,8,105,72.04
0.1,8,8,9,6,1,5.4,3,5.3,4,4,69,63.07
1.2,7,30,7,4,3,4.7,0,6.6,5,8,73,65.86
0.5,6,29,4,2,3,5.8,6,6.7,7,4,100,51.98
0.4,0,20,6,9,7,3.1,4,3.3,1,9,92,52.65
8.6,2,25,2,3,7,8.4,1,5.7,1,6,5,33.81
7.0,10,19,7,7,1,4.2,0,5.6,1,1,38,87.79
4.7,1,6,2,8,3,3.3,0,4.7,2,10,10,35.36
1.0,4,30,10,2,8,7.6,0,9.8,9,2,111,58.93
4.9,4,21,8,6,9,8.4,5,5.4,5,7,24,41.79
4.7,4,3,8,8,7,8.7,7,7.2,9,10,107,43.21
1.7,3,12,1,7,7,6.5,6,10.7,5,7,107,37.79
4.3,4,12,8,3,8,4.4,6,10.4,7,3,93,46.9
4.0,2,30,2,1,6,8.2,1,10.7,6,1,54,36.95
6.2,0,9,6,6,3,7.9,7,3.2,2,8,83,42.37
6.4,4,17,1,8,1,4.7,3,0.4,3,10,57,48.4
0.5,8,16,5,6,7,9.3,5,3.1,5,10,36,31.0
3.7,8,19,7,5,1,3.7,4,3.3,4,7,15,57.58
6.3,3,19,10,8,1,9.9,7,10.9,6,10,94,71.44
5.0,2,12,1,2,9,9.0,2,7.8,8,8,92,16.41
8.6,0,16,2,1,10,7.8,5,1.0,8,1,69,16.9
6.6,1,21,7,1,7,9.6,2,1.6,3,3,92,42.61
1.6,7,3,6,4,4,8.1,4,1.9,4,2,95,41.79
0.7,0,0,3,6,6,4.3,1,7.6,1,1,72,32.24
6.4,7,0,10,9,1,6.1,6,8.8,2,5,36,69.16
0.3,6,14,2,1,7,3.5,2,10.3,9,3,52,25.16
5.9,7,12,10,1,6,5.7,0,11.3,10,10,86,51.59
9.4,5,16,4,5,4,8.2,5,2.4,10,8,15,34.65
5.8,8,23,3,10,7,5.7,7,3.7,2,6,17,57.78
3.9,2,25,7,5,3,5.3,7,2.9,6,10,18,41.71
6.4,9,7,8,5,1,7.2,2,4.3,7,9,43,58.1
4.6,3,17,2,10,4,9.1,4,11.0,6,9,1,40.22
5.5,5,26,10,6,3,3.3,6,6.9,8,6,57,72.38
9.4,7,12,7,8,1,5.7,0,8.9,9,2,9,71.43
3.9,4,22,8,3,2,4.1,7,5.9,8,9,75,50.88
9.6,2,13,6,9,5,7.9,2,0.3,5,2,45,56.13
9.1,5,7,6,1,8,3.7,6,0.8,8,3,81,33.95
2.0,3,7,10,4,1,7.7,4,6.5,10,6,18,34.39
0.7,8,26,1,9,4,5.0,1,8.6,10,2,37,55.8
1.0,2,25,4,8,4,4.4,4,2.6,9,5,36,42.29
0.2,3,14,1,10,5,9.6,1,8.7,8,2,90,44.95
0.9,6,26,4,9,7,3.1,7,9.7,2,4,111,75.39
6.8,6,12,2,1,8,6.1,6,4.9,2,3,77,35.21
0.7,3,6,5,9,6,3.2,6,9.0,3,5,44,47.46
3.2,5,4,10,3,1,6.4,0,4.8,7,6,116,54.98
8.4,2,16,9,10,7,6.5,4,8.1,9,7,33,59.91
0.2,5,27,10,9,3,5.3,3,9.2,8,10,1,62.99
8.1,1,24,3,1,6,3.9,7,11.9,9,8,43,34.3
2.8,7,28,8,1,8,5.6,5,4.1,6,9,96,48.29
1.2,1,15,3,9,7,7.7,3,4.9,1,4,82,43.08
7.0,10,22,6,6,10,8.5,7,2.0,4,4,26,50.85
6.3,6,1,4,4,6,6.7,3,2.4,6,7,47,24.17
8.8,8,21,8,7,9,7.1,3,8.3,6,10,93,70.47
7.4,0,17,6,5,9,4.4,5,11.0,8,10,6,28.35
8.0,7,30,8,10,1,5.0,3,4.7,1,9,26,91.2
2.8,6,16,1,7,1,4.1,1,2.2,2,2,84,61.06
1.8,5,29,6,8,1,4.7,4,3.4,2,6,70,76.77
7.5,5,6,1,8,8,4.6,6,5.5,6,10,111,43.51
8.1,5,12,1,1,10,6.6,0,3.5,7,10,88,21.12
9.9,8,17,8,8,7,6.9,3,2.8,2,8,101,77.46
4.1,1,28,7,6,3,9.6,6,8.8,5,5,17,50.06
3.7,0,13,3,4,2,4.4,3,0.1,6,5,32,23.2
7.8,5,29,6,8,4,7.5,7,6.5,4,8,32,68.64
3.4,9,17,9,3,3,8.7,0,9.5,1,1,95,78.86
9.3,10,12,7,4,7,6.9,7,3.2,3,6,24,50.54
8.6,7,10,3,6,10,4.8,0,7.2,10,10,13,30.08
4.3,2,20,6,7,8,4.8,3,8.0,9,9,37,43.05
7.5,9,29,4,4,6,3.3,1,7.9,6,6,37,64.75
7.5,0,20,3,4,3,5.1,6,5.4,2,7,3,36.5
1.0,8,15,9,7,6,8.2,0,4.2,9,4,107,60.39
9.0,0,22,10,6,2,3.3,4,10.0,4,10,61,71.03
5.1,2,16,2,8,7,4.5,6,9.1,8,1,81,46.81
8.3,7,7,1,1,10,7.9,4,3.9,10,9,9,3.74
3.2,2,18,2,10,7,8.5,6,1.2,7,6,34,29.8
9.0,3,19,7,7,4,6.2,1,0.9,3,3,98,73.38
3.9,7,14,10,7,8,7.9,7,1.1,8,4,103,55.5
0.1,0,8,1,7,4,5.7,5,7.0,4,10,117,29.85
9.1,5,19,6,7,7,4.1,7,0.6,2,6,22,54.75
0.9,0,9,7,10,4,5.8,2,4.0,5,6,88,51.75
3.2,0,11,9,10,5,7.1,1,9.0,1,9,64,61.75
9.5,7,30,8,8,7,9.6,3,3.5,8,4,81,75.09
9.5,10,20,6,9,10,3.5,2,9.2,8,5,78,76.86
5.7,3,22,3,9,3,6.6,3,8.9,3,5,24,60.92
6.3,0,19,8,2,10,5.3,4,2.9,1,3,95,45.32
4.5,9,29,7,7,5,6.6,0,8.7,4,2,52,80.53
2.9,6,0,3,7,3,3.2,6,9.0,9,8,83,42.47
3.3,4,24,9,4,5,5.2,3,4.8,9,10,16,42.89
6.7,4,19,2,9,3,8.7,4,2.5,1,9,56,55.75
7.5,0,8,3,8,10,6.9,1,6.3,7,10,74,30.73
7.9,9,21,2,1,7,6.2,3,11.1,6,9,76,50.24
7.9,10,14,1,2,1,5.0,7,7.7,7,5,88,55.23
0.9,5,0,4,2,9,5.1,4,2.1,7,9,19,0.7
4.9,8,11,5,8,9,5.7,0,8.2,8,4,24,51.04
0.6,8,2,6,1,5,8.8,6,5.1,8,2,41,20.8
5.5,7,10,5,4,9,9.8,3,7.1,10,3,44,33.21
4.4,4,1,1,10,10,6.1,5,8.8,2,1,112,45.28
8.9,0,15,3,5,6,5.8,4,6.2,4,5,30,36.68
3.5,8,8,1,9,5,8.9,3,9.8,4,1,116,62.4
1.2,0,14,5,7,3,6.0,0,8.7,10,1,64,40.62
1.4,7,11,5,8,8,6.9,6,7.4,8,7,51,37.17
7.6,4,0,6,9,4,4.6,3,1.8,3,2,79,56.34
6.2,2,12,8,7,10,8.2,3,10.0,3,8,111,55.05
1.0,10,13,10,5,3,6.7,6,11.2,2,6,91,74.41
0.8,6,24,1,5,6,8.7,5,1.6,1,4,20,34.52
7.0,6,24,4,10,8,8.5,4,5.9,8,9,29,52.34
0.7,8,7,10,6,9,4.5,2,3.1,9,10,2,35.86
8.2,6,7,1,5,6,8.0,7,9.1,9,8,97,32.59
7.1,10,26,9,9,5,8.6,6,8.7,8,10,69,77.53
0.8,2,29,7,3,2,5.4,3,1.7,5,3,42,47.35
0.8,10,11,7,3,2,4.2,2,10.5,1,3,28,60.72
9.9,0,0,5,7,9,3.0,1,2.2,9,4,2,24.28
3.7,7,10,7,7,2,6.2,3,9.6,6,9,57,55.7
3.7,2,7,2,6,2,5.5,2,5.5,7,9,32,26.93
8.1,7,9,4,3,3,6.9,1,3.9,8,5,74,43.74
9.5,7,29,7,7,3,4.3,5,1.9,5,9,44,75.76
9.9,4,18,3,5,4,9.0,4,2.0,6,6,68,46.39
7.5,0,10,2,7,7,4.8,3,7.9,7,8,113,39.64
3.8,9,6,10,2,9,4.6,4,6.6,7,8,31,36.73
0.8,6,10,2,6,2,6.4,1,1.5,2,10,110,44.11
7.8,9,30,1,8,4,6.5,4,1.4,1,7,81,73.57
5.6,4,16,5,1,9,4.5,4,0.9,8,4,110,35.65
4.2,7,0,6,4,2,4.9,6,8.9,5,4,83,48.03
9.1,8,25,6,1,10,4.2,0,8.5,10,6,51,51.66
1.1,10,28,9,1,1,8.0,1,0.7,2,9,63,61.92
4.9,6,20,4,10,10,8.4,4,6.7,3,7,115,62.54
0.1,6,20,1,8,8,6.2,7,1.0,6,5,102,39.51
4.7,0,7,6,7,9,8.0,2,10.8,10,5,112,37.07
0.6,3,22,5,10,7,8.2,1,10.9,6,8,39,49.16
1.2,1,23,10,1,8,4.0,0,8.4,8,6,91,42.75
1.2,1,5,6,2,4,9.8,3,11.1,5,1,12,22.53
6.5,1,21,3,4,4,8.7,5,9.7,5,1,89,48.14
7.5,3,17,2,1,2,4.4,4,9.9,7,9,79,38.0
5.8,0,5,6,3,8,4.3,2,6.8,10,8,88,25.55
9.6,3,4,1,8,2,3.9,0,3.7,5,6,73,51.06
3.7,1,12,7,8,9,4.0,1,2.6,9,1,28,38.04
2.9,4,18,7,8,4,8.2,5,3.9,6,2,109,63.96
8.7,2,21,10,6,1,6.3,5,7.5,7,10,62,68.07
2.2,7,7,7,6,4,8.5,7,2.1,8,3,101,45.7
9.6,3,8,10,5,3,8.2,4,3.1,5,10,83,54.39
0.1,0,16,1,9,6,7.2,0,5.6,4,3,117,44.2
9.7,0,2,4,4,7,7.8,0,2.8,8,2,25,16.47
0.4,9,18,7,10,8,3.1,2,7.1,10,2,95,69.14
8.9,2,10,9,7,2,5.2,3,11.1,9,6,102,72.2
5.3,8,23,5,1,6,7.5,3,9.0,1,7,101,61.41
9.9,6,16,2,9,6,3.1,6,8.0,3,4,58,65.96
0.7,1,20,7,7,10,3.2,3,7.0,4,1,48,48.09
5.5,8,18,10,10,5,9.0,6,5.9,7,6,52,72.57
9.7,9,1,1,9,10,7.8,5,2.2,6,7,87,47.03
5.2,1,30,7,7,10,4.9,5,10.7,10,4,30,50.91
6.3,2,7,6,2,7,7.8,7,3.0,10,6,103,23.06
7.0,10,18,7,6,3,8.5,1,1.1,1,9,11,61.26
4.5,9,6,10,10,4,5.1,5,9.0,4,4,57,75.39
6.3,1,27,3,4,10,3.3,5,2.1,6,10,120,40.74
5.8,2,26,3,3,9,9.5,0,4.5,3,4,35,32.08
9.0,5,16,7,2,4,5.4,1,0.3,2,10,9,41.25
0.5,8,5,2,6,3,3.7,0,1.6,2,5,5,34.67
2.8,8,18,1,8,2,6.4,2,2.1,10,3,6,40.16
9.5,6,23,9,6,5,8.4,6,0.7,4,10,116,74.84
8.9,2,5,9,9,4,4.6,6,7.9,1,2,30,67.11
4.6,3,27,7,5,8,4.9,2,10.0,10,9,90,54.39
6.2,5,1,7,2,7,4.7,6,4.5,2,1,71,42.32
2.8,10,5,3,8,6,9.9,1,10.5,10,5,2,35.56
1.9,4,22,10,9,2,4.4,1,2.6,2,5,103,83.13
4.6,1,4,2,10,3,7.0,5,3.9,4,8,46,36.93
3.5,5,18,7,4,10,9.5,6,1.8,4,6,84,38.73
5.8,2,19,9,6,9,4.0,2,7.4,1,6,0,50.17
0.8,7,3,1,10,9,9.8,4,5.0,7,6,44,23.86
9.7,1,21,4,8,5,9.6,3,7.4,7,4,53,51.57
9.9,0,25,6,9,3,9.2,5,9.1,10,1,49,60.82
7.0,8,16,7,5,2,4.5,3,6.5,10,3,78,69.48
5.4,2,10,10,6,8,7.4,2,7.5,10,10,6,35.38
3.1,10,3,7,4,6,8.3,6,11.2,1,6,62,47.58
8.1,0,25,10,5,10,9.9,6,3.6,8,5,14,37.57
6.8,6,12,2,7,7,4.3,3,4.3,10,10,88,41.06
1.6,9,19,4,9,1,8.4,4,8.6,7,1,66,67.94
9.1,4,25,5,10,1,5.4,6,7.3,7,5,29,71.38
8.2,4,16,1,6,10,4.2,4,2.1,6,2,77,39.24
9.5,0,8,1,6,2,5.9,0,4.5,4,1,115,52.83
7.3,8,3,10,8,10,8.6,1,5.6,8,4,67,55.93
6.1,6,22,3,4,3,6.3,3,5.0,2,6,35,51.76
4.2,7,27,10,3,1,6.8,6,2.1,7,7,66,63.47
9.3,8,13,3,7,5,10.0,4,11.1,3,9,4,49.23
8.7,5,18,8,5,3,5.8,7,9.1,3,5,24,61.37
0.5,4,25,9,2,1,7.3,7,5.8,7,8,94,49.91
0.3,5,27,1,2,8,5.6,6,8.2,3,8,10,22.94
3.8,10,2,2,6,6,5.7,1,10.8,5,9,71,45.97
8.1,1,13,10,8,9,7.9,1,1.6,8,3,89,54.6
9.9,3,7,2,1,3,9.6,0,3.0,4,3,65,31.64
1.5,2,23,4,6,9,6.8,1,6.5,7,9,27,30.31
5.9,6,26,2,2,9,8.4,1,9.6,7,7,111,42.35
3.8,8,27,7,2,1,3.6,5,0.4,2,4,120,75.44
9.7,4,0,9,7,3,4.5,7,11.8,8,1,59,61.51
8.4,5,9,7,10,6,6.5,2,5.5,10,7,9,51.58
8.4,9,17,6,1,8,3.1,7,4.3,10,10,49,36.88
4.7,1,15,10,6,4,4.8,7,3.5,9,6,38,41.22
4.1,2,7,1,7,5,6.6,6,2.1,6,3,36,20.29
2.7,2,0,10,8,9,3.1,7,9.5,5,5,62,44.92
0.6,8,30,9,7,6,4.9,0,11.5,1,3,60,86.07
8.6,6,11,5,6,7,6.6,0,5.0,1,8,102,60.7
8.1,7,7,5,9,7,7.0,3,11.4,9,5,84,61.89
10.0,10,23,6,3,4,9.5,1,9.9,4,10,91,70.1
10.0,9,15,9,6,4,7.5,3,5.8,1,10,37,72.44
5.6,10,17,8,4,4,5.9,5,8.1,10,6,119,67.01
7.7,8,3,8,2,5,9.5,7,5.2,3,2,32,40.08
9.4,5,5,8,1,5,8.5,4,6.7,6,8,74,39.95
8.5,3,11,1,1,8,4.4,1,0.7,8,9,44,12.37
2.5,0,26,1,10,9,3.9,4,8.4,10,3,43,38.19
4.5,7,8,8,3,2,7.7,7,0.6,2,6,0,38.9
1.3,6,14,5,4,7,6.9,2,9.8,8,6,52,35.08
9.5,1,15,9,2,1,8.5,5,9.9,1,2,46,59.92
6.1,7,23,2,1,1,8.2,1,2.8,2,10,32,39.18
2.3,4,11,9,4,4,7.4,3,3.9,8,8,66,40.79
6.7,6,30,8,7,10,9.9,3,5.8,7,5,89,69.05
6.2,3,23,9,10,7,6.7,1,7.2,5,8,14,60.49
3.6,4,22,4,6,2,3.8,6,3.4,10,8,104,50.72
1.1,7,13,1,6,2,8.8,3,7.1,2,3,13,39.81
6.7,0,12,1,9,1,4.8,7,3.6,9,5,22,33.25
5.2,0,24,5,2,10,8.4,7,0.7,5,7,53,19.45
7.7,3,30,2,4,2,9.7,6,0.0,8,5,119,49.12
5.2,2,1,8,5,7,7.9,1,1.2,4,6,7,25.04
8.5,9,2,10,1,9,7.2,0,9.5,9,2,53,46.58
5.5,1,25,5,8,6,6.2,3,11.5,10,8,35,50.2
5.6,2,23,5,8,10,5.6,6,5.1,7,5,83,49.67
8.8,10,29,2,6,2,5.5,1,6.2,2,6,51,78.97
4.0,10,21,7,5,10,7.5,1,1.8,3,1,5,51.24
1.3,10,9,8,8,10,8.3,6,6.6,2,10,96,55.18
0.3,0,8,10,3,9,7.7,3,1.7,5,2,27,18.53
7.6,0,25,1,3,7,4.4,0,7.3,2,4,49,41.77
6.2,5,19,2,2,1,6.5,3,11.2,5,9,37,41.21
7.0,4,7,10,5,9,8.5,1,2.3,9,6,29,35.69
2.1,7,9,4,3,2,6.3,0,9.2,2,8,109,57.0
1.4,1,18,5,3,4,6.8,7,0.3,9,2,106,32.32
0.1,3,2,2,6,9,8.4,4,4.5,7,10,80,9.64
3.5,7,23,1,8,4,7.6,2,1.3,7,5,72,53.71
5.9,5,4,9,2,3,5.9,3,4.2,5,1,91,51.85
3.9,0,2,1,4,1,9.3,5,2.1,8,4,53,7.15
4.4,3,25,4,7,7,4.1,1,4.5,7,10,70,48.07
9.0,0,26,2,1,6,10.0,0,5.0,6,1,45,28.47
3.5,1,15,4,1,10,3.8,6,3.6,2,9,27,12.01
5.1,4,16,8,10,4,3.1,7,7.9,6,2,16,65.57
7.8,7,14,8,7,6,9.2,6,11.0,2,7,103,75.65
4.0,7,2,9,7,6,4.7,6,4.8,1,3,47,57.05
6.2,10,11,5,1,4,8.1,0,2.3,9,2,43,39.96
8.6,2,8,7,1,6,8.7,4,3.2,5,4,107,39.14
9.5,10,20,3,4,10,9.0,3,10.2,10,7,59,42.96
1.5,3,11,10,5,8,9.9,5,6.9,10,7,59,31.46
9.3,9,25,4,5,3,5.1,7,5.5,4,9,4,59.74
4.9,10,14,10,4,4,8.0,6,1.8,8,3,68,56.74
2.6,5,1,9,8,10,3.8,0,5.4,5,7,77,51.36
4.6,10,22,10,7,1,5.8,6,3.3,7,6,69,80.37
9.8,10,30,10,9,4,8.9,4,11.3,3,10,6,89.78
4.9,9,17,1,7,10,5.6,1,10.6,8,7,118,56.76
3.3,2,19,2,10,10,7.1,6,1.0,8,7,52,32.93
6.3,1,11,5,1,9,6.5,4,6.2,3,10,16,14.73
2.4,5,22,3,7,8,7.5,3,2.7,9,5,58,37.88
0.8,10,3,2,1,4,9.8,7,4.9,8,9,8,4.0
1.3,4,22,1,7,7,3.4,7,10.5,1,7,94,49.95
1.3,9,15,10,10,10,7.0,6,6.3,8,7,21,55.21
1.5,4,22,3,8,3,9.0,4,4.0,4,3,44,46.55
1.4,9,15,1,9,9,6.4,0,2.5,6,1,72,49.44
6.4,4,0,1,3,10,3.5,0,9.6,10,5,58,17.03
1.8,9,21,1,4,4,6.9,2,7.5,9,8,79,43.68
3.5,4,24,8,4,2,5.3,4,5.6,5,5,99,66.32
9.0,2,1,3,9,10,4.1,1,2.6,7,10,97,39.55
4.7,6,29,1,7,5,8.9,6,4.0,1,3,108,62.44
6.7,5,2,7,3,2,6.7,5,11.5,9,9,12,32.05
1.7,3,25,10,10,10,9.5,5,6.2,6,2,82,62.12
1.9,1,20,3,5,6,8.6,3,4.8,4,3,11,25.1
0.4,8,24,8,7,10,7.9,2,6.3,6,4,35,54.2
1.7,0,19,4,8,1,3.0,4,9.3,5,10,9,44.1
2.8,10,16,4,1,6,6.0,1,4.1,3,1,15,38.47
1.8,3,19,5,2,4,4.4,2,2.1,7,4,91,41.12
0.9,0,21,6,7,3,9.4,0,7.0,3,4,119,61.65
1.2,5,20,7,2,2,4.2,3,8.0,2,9,18,46.32
4.6,3,29,4,7,7,5.0,6,8.6,4,8,103,64.31
2.1,4,28,8,9,9,6.6,6,10.6,7,2,5,54.67
3.6,4,0,6,2,3,4.8,6,4.5,5,7,3,16.78
5.0,8,19,1,7,6,4.5,4,0.9,9,6,29,36.49
6.9,0,5,1,4,9,7.2,5,11.5,10,7,102,20.02
0.4,1,28,9,2,2,3.6,1,5.2,7,4,94,58.16
8.0,5,14,10,7,7,3.4,6,7.5,9,5,45,61.12
6.3,4,25,6,5,5,5.6,6,8.0,9,6,26,48.5
0.8,10,25,10,1,5,8.0,0,6.6,2,9,44,56.8
8.7,6,13,8,5,7,6.9,7,2.5,1,2,84,66.34
9.2,2,19,7,3,9,6.0,2,9.1,4,9,36,43.59
0.6,2,14,6,7,4,7.0,6,9.6,4,10,8,33.92
2.8,9,13,4,6,9,5.6,3,6.6,2,1,60,54.43
8.1,1,24,7,8,10,9.6,2,5.9,3,4,34,54.18
7.5,2,20,9,5,9,3.4,5,1.4,3,5,105,61.13
1.8,9,23,10,2,4,7.7,2,1.0,5,9,46,51.14
2.1,0,24,10,9,3,9.2,1,4.1,1,6,115,76.0
3.7,4,25,7,8,2,8.6,0,3.7,9,4,20,60.41
4.8,4,4,1,6,9,4.3,4,11.4,8,2,16,25.68
6.2,10,5,10,10,2,5.1,1,9.4,8,5,54,84.96
3.7,6,16,9,7,6,8.0,5,7.9,3,8,87,63.23
4.6,3,10,4,9,5,3.6,3,6.2,2,8,94,56.5
7.5,2,15,3,7,5,8.7,5,2.0,1,6,5,35.45
0.4,0,11,4,3,4,8.0,5,11.7,6,1,120,35.04
2.5,7,14,4,6,6,8.1,2,4.5,10,8,34,34.23
7.1,2,22,10,7,5,3.7,3,1.3,1,4,49,68.1
9.0,1,3,2,2,4,8.0,1,5.9,5,2,36,25.5
5.1,10,26,1,3,9,7.8,5,10.5,9,1,12,37.24
5.3,3,17,10,4,6,8.8,1,10.6,9,7,24,43.87
1.1,2,20,1,10,10,3.3,6,0.1,4,2,95,41.06
4.5,0,27,8,6,10,3.2,6,10.6,7,4,0,40.72
5.3,2,2,2,1,10,5.6,6,3.3,7,4,48,3.25
2.4,1,21,10,9,3,4.0,4,0.5,4,10,34,57.72
2.7,7,7,5,5,10,6.9,2,10.2,5,1,82,42.71
3.8,5,22,4,7,6,9.4,1,10.4,9,2,52,49.22
0.2,8,2,8,9,1,5.7,6,7.2,7,1,51,58.67
3.2,7,7,2,9,5,8.9,6,6.9,7,6,53,41.5
2.1,9,17,10,1,10,3.0,3,9.8,10,3,75,50.7
3.3,2,9,9,1,6,4.2,5,9.4,7,1,103,40.97
1.2,4,24,7,3,8,3.2,6,10.7,9,8,103,46.51
8.9,6,19,7,6,9,5.3,4,6.6,5,4,46,59.45
5.9,4,16,1,2,3,9.4,3,11.6,6,10,42,23.49
6.8,7,7,2,10,2,3.7,2,12.0,3,7,19,62.59
7.9,4,22,4,1,4,7.2,7,1.4,1,10,32,33.66
5.0,0,10,4,1,8,6.2,7,10.2,2,2,92,29.92
0.9,4,28,3,5,8,9.6,4,6.0,8,6,15,28.89
5.4,3,4,7,4,3,3.9,4,4.7,1,6,77,51.14
5.9,5,25,8,1,4,4.5,4,7.4,10,7,6,41.76
7.5,2,12,2,4,3,3.2,5,0.7,7,1,69,36.28
4.3,10,20,4,3,10,6.0,7,6.1,5,1,20,44.23
1.3,4,22,3,2,2,4.9,6,10.5,6,2,35,38.62
2.8,1,4,2,9,4,9.1,0,2.6,8,2,85,33.88
3.6,10,23,6,1,6,7.2,4,5.1,4,5,103,57.19
6.5,5,26,4,7,5,7.3,3,11.3,6,1,53,66.1
5.7,5,12,6,4,3,6.7,7,5.1,3,2,18,43.78
3.6,4,5,2,5,2,3.6,3,4.3,7,6,24,27.15
9.9,5,28,4,10,9,6.1,2,5.3,2,3,66,75.93
6.1,10,4,6,5,1,10.0,1,6.2,8,4,99,60.26
2.4,6,8,5,1,9,8.8,1,7.6,7,1,108,31.64
1.0,4,26,3,6,1,9.3,0,9.6,8,5,52,48.86
1.5,0,15,8,9,7,8.8,5,5.4,2,4,97,53.26
2.5,7,1,7,2,6,3.7,6,9.8,3,8,74,38.32
1.6,3,0,3,7,7,4.6,5,6.4,4,3,47,29.97
1.9,8,7,6,6,3,3.0,6,4.1,9,10,41,35.91
2.9,9,27,4,5,3,5.1,4,7.9,5,1,46,67.42
1.7,5,18,5,4,1,3.8,7,8.6,6,10,90,52.66
9.0,0,29,5,4,4,6.3,6,6.7,1,5,41,51.06
0.8,2,10,7,6,2,7.7,7,0.7,4,1,1,30.58
5.2,2,27,5,4,10,9.1,0,2.0,4,5,5,30.38
4.1,9,11,3,5,8,8.2,2,3.4,10,9,45,26.07
9.8,3,11,10,6,3,9.6,2,3.4,8,5,65,57.07
1.1,5,6,5,5,7,3.4,1,8.1,8,2,105,43.05
4.0,6,25,7,7,7,3.1,2,0.2,10,2,80,65.73
9.7,9,12,5,9,9,7.6,4,9.1,6,10,39,59.0
8.7,3,26,5,10,6,5.0,3,3.2,8,9,57,64.9
8.2,5,7,9,7,1,4.8,2,3.7,9,5,111,72.72
2.6,10,30,3,7,8,5.3,0,6.3,5,8,77,63.91
1.7,0,28,6,4,1,4.9,4,2.6,1,10,73,49.7
6.7,7,28,1,1,3,6.6,2,10.6,1,4,108,65.26
9.3,6,21,10,8,5,6.1,5,1.0,2,2,32,74.97
5.6,10,27,5,4,8,6.6,6,5.3,2,4,105,69.69
5.7,10,25,8,1,9,7.7,2,10.2,5,4,61,59.58
2.8,8,29,5,5,7,5.7,5,7.4,7,9,117,61.31
7.7,2,8,9,8,9,4.8,4,3.5,7,10,11,39.43
1.9,1,6,6,4,3,4.2,2,5.0,4,6,95,40.95
3.2,0,30,8,8,5,5.4,5,8.5,4,10,48,58.74
4.3,2,25,10,8,10,8.2,3,11.7,10,6,87,62.75
5.1,4,20,8,3,8,8.3,7,10.7,3,5,77,48.86
2.4,10,23,3,9,1,7.7,1,4.1,2,6,4,65.81
1.1,1,14,7,3,8,4.6,4,12.0,3,1,50,39.54
6.1,2,1,7,1,7,7.1,5,0.0,8,5,68,15.35
2.9,3,22,10,2,1,7.0,0,0.3,1,6,110,65.29
5.8,6,30,6,6,10,6.4,7,9.9,4,8,31,52.53
1.5,2,19,7,10,10,6.8,2,2.4,7,4,108,55.51
4.8,8,24,2,2,6,6.4,5,0.7,5,5,48,36.75
5.3,7,11,9,6,1,7.0,7,2.8,2,4,96,69.91
0.5,3,0,10,1,2,8.0,6,5.1,1,7,59,31.71
3.4,0,22,10,1,5,3.8,7,8.8,6,10,45,36.34
1.3,0,21,1,5,2,8.2,5,7.5,5,6,67,29.01
0.6,0,7,1,10,10,4.0,5,2.9,3,4,120,31.32
9.9,0,4,3,9,1,3.5,6,6.0,9,6,93,51.87
3.2,7,14,3,8,6,9.8,1,11.1,3,4,40,49.99
8.1,2,0,1,3,8,9.7,7,9.8,2,8,80,20.49
2.5,5,0,7,3,8,3.4,6,3.9,5,3,66,26.61
6.8,2,24,4,1,8,6.1,6,11.8,9,8,12,26.19
7.6,10,30,10,3,6,4.3,7,8.5,8,2,107,85.09
6.0,4,9,2,1,3,6.4,0,0.7,6,6,111,33.13
4.7,6,21,10,8,1,8.8,6,0.4,3,8,99,75.37
4.1,1,9,5,1,2,9.7,0,2.0,6,1,17,20.58
3.5,5,20,6,5,5,7.4,3,8.7,5,6,86,56.19
9.3,5,14,9,9,10,5.5,7,2.2,1,9,98,70.38
8.3,10,16,4,7,5,7.2,6,6.1,5,10,112,67.73
9.7,2,21,2,4,10,5.2,1,1.1,7,10,96,36.25
1.2,5,5,5,9,1,9.4,6,11.1,9,2,50,45.56
7.3,9,2,3,9,1,9.1,5,4.1,1,1,117,71.7
9.4,9,12,2,2,9,6.9,4,10.9,3,2,35,43.24
1.8,4,15,1,10,2,5.3,1,11.3,8,5,80,53.91
0.7,1,7,10,10,7,5.1,6,0.1,6,6,102,46.83
7.4,8,29,2,6,10,3.2,1,5.6,5,1,33,61.54
5.7,7,14,6,4,4,8.7,7,0.3,10,7,11,29.47
8.4,2,16,8,8,7,6.2,0,10.9,2,4,4,61.89
1.4,7,16,3,7,8,5.3,3,6.2,3,9,47,42.46
8.0,8,21,9,7,5,6.3,3,0.9,2,6,103,83.36
2.0,2,25,9,10,1,8.7,7,1.3,1,9,118,74.21
1.6,2,12,2,9,4,3.9,7,4.6,7,1,90,43.41
1.6,1,16,8,5,10,9.0,1,11.3,3,4,39,38.5
8.1,7,5,10,6,3,9.3,7,8.3,7,2,12,52.86
6.7,9,16,5,1,10,9.6,1,10.4,7,6,25,34.79
5.2,0,15,4,6,5,5.8,7,4.4,8,4,13,23.63
3.6,7,13,10,2,10,4.5,6,0.5,1,9,95,48.65
8.8,6,12,5,6,10,5.6,7,11.7,5,3,10,45.81
3.9,6,5,4,9,6,5.3,2,0.2,10,1,37,39.85
8.2,2,2,8,8,2,4.2,5,11.4,9,1,79,65.02
4.4,0,13,4,9,7,7.3,0,4.4,7,9,118,48.12
3.8,3,13,10,10,3,6.3,5,0.1,1,9,56,65.56
4.6,8,14,6,8,1,9.1,4,8.3,8,5,21,54.53
3.0,4,7,2,3,10,3.2,4,11.8,3,2,120,36.6
7.5,0,28,5,8,3,7.5,3,11.6,4,9,110,71.06
5.0,4,14,6,6,9,8.3,0,1.9,4,8,15,33.82
2.3,7,21,5,6,10,8.3,5,2.2,10,10,76,35.08
9.0,7,28,2,6,6,9.2,3,6.8,8,10,75,53.69
3.8,4,26,7,3,6,8.1,4,7.6,1,6,81,56.52
5.4,8,12,4,10,4,9.5,1,8.9,8,7,28,54.06
9.1,0,16,8,1,8,5.3,0,2.2,9,6,81,35.18
6.2,3,30,7,4,5,6.5,0,11.5,9,5,109,66.46
1.2,2,20,7,10,7,3.1,7,7.7,5,4,1,47.84
9.4,1,23,9,6,9,3.0,7,10.2,4,7,53,59.51
6.3,7,2,1,10,5,4.7,5,6.5,4,4,1,40.67
3.3,6,27,10,2,5,3.7,7,5.0,9,10,2,44.17
1.4,8,5,6,7,4,4.8,7,11.7,8,10,92,49.34
7.9,1,4,6,7,6,4.2,6,7.0,10,10,55,38.16
6.2,3,21,6,4,2,3.2,2,10.4,10,9,71,56.61
5.3,5,25,6,4,3,9.4,5,11.4,7,5,10,48.72
8.9,10,16,10,1,1,3.1,7,8.1,3,8,75,74.37
7.9,2,22,7,2,2,8.2,1,6.6,4,6,31,50.63
1.5,7,24,10,9,2,4.1,6,0.0,9,4,3,62.56
3.1,2,1,6,10,8,9.4,6,0.5,8,3,8,20.99
2.5,1,25,1,8,8,9.2,6,2.4,1,6,87,42.93
7.4,2,14,3,8,2,7.6,1,2.2,3,1,112,63.77
0.3,10,4,2,9,6,7.7,3,3.1,10,2,55,38.84
5.7,5,25,6,7,5,3.0,0,3.7,2,7,15,62.84
7.6,1,19,8,9,3,9.9,3,4.3,2,4,80,70.0
8.8,7,5,3,10,5,9.1,1,5.0,8,5,110,63.8
3.4,0,5,10,2,5,9.3,2,1.2,6,10,115,28.68
8.2,6,26,8,6,5,7.6,0,0.5,6,1,85,78.21
1.1,1,17,8,3,3,5.4,1,8.1,4,2,70,51.32
8.5,9,17,5,6,3,9.3,2,6.4,1,4,9,62.81
1.3,5,3,8,3,4,5.0,5,5.3,7,8,92,37.72
4.0,1,16,6,8,7,6.9,4,7.6,8,10,35,37.87
8.0,1,24,5,4,2,3.7,6,9.9,2,4,23,57.39
1.5,9,13,9,10,10,9.5,7,5.1,2,3,63,59.41
2.3,7,13,7,6,4,4.0,1,7.7,1,3,55,64.83
7.2,1,12,8,9,4,4.6,4,11.4,4,5,109,74.21
7.2,6,6,1,2,1,6.9,3,10.1,6,3,77,41.26
6.4,2,11,2,2,10,8.3,4,5.1,5,8,77,17.41
6.9,7,22,8,7,8,7.3,1,7.7,4,5,88,75.25
5.4,6,14,9,2,1,4.6,4,2.1,4,7,109,60.44
2.5,7,18,4,2,8,3.0,6,6.7,10,8,21,24.96
3.5,6,30,10,4,7,8.3,0,11.8,7,5,51,66.85
1.8,10,10,10,9,9,9.9,1,6.2,7,8,49,57.51
9.1,5,14,9,8,8,8.7,2,11.1,2,3,46,72.82
5.8,6,11,4,2,5,6.2,4,4.9,7,7,22,28.87
4.0,4,2,10,8,8,9.3,0,12.0,2,8,95,60.58
4.6,6,16,10,4,10,5.9,6,7.0,4,7,89,54.51
9.5,0,2,10,2,3,6.7,3,0.5,1,2,114,50.08
1.5,0,18,9,10,10,6.3,3,7.0,5,8,90,54.51
5.9,8,19,7,7,7,6.1,6,3.3,1,6,108,72.59
5.1,4,3,2,6,4,8.4,4,0.4,4,10,75,27.86
6.1,4,2,9,10,5,6.7,3,9.9,9,3,82,61.4
0.2,2,25,4,5,9,5.2,2,3.3,8,4,18,24.13
8.7,4,15,8,1,7,4.8,1,9.6,6,7,51,49.1
9.3,2,11,7,2,4,3.3,0,3.5,8,3,33,42.22
5.7,8,7,7,8,6,7.1,5,2.3,5,1,95,64.34
7.0,8,23,8,1,10,4.6,4,11.7,7,6,28,49.59
9.2,5,28,1,3,7,4.0,3,4.3,8,3,60,46.81
7.1,0,28,5,2,10,7.6,1,7.2,7,10,84,36.72
1.5,6,16,2,5,9,7.8,5,7.3,4,6,34,26.49
5.8,6,6,2,4,4,8.3,2,6.7,5,10,105,39.13
6.1,9,10,1,7,10,6.5,3,11.0,10,3,4,32.86
4.2,9,17,5,5,3,9.3,3,8.1,6,6,75,57.22
7.4,3,0,2,8,8,9.6,0,4.8,6,4,6,22.31
9.3,7,2,4,4,1,8.7,2,10.3,9,4,40,44.98
9.3,5,3,3,6,9,7.4,2,2.2,10,10,1,15.64
4.5,3,12,3,4,1,5.1,4,6.5,2,10,88,47.52
1.1,3,5,2,2,2,9.9,5,11.4,6,2,9,11.67
9.8,1,25,6,1,8,4.9,0,7.5,3,4,101,56.8
8.4,1,13,2,1,9,4.4,4,9.8,2,4,43,26.39
1.2,3,4,8,8,7,6.1,0,7.8,6,7,69,47.38
9.2,4,15,8,4,3,3.4,2,10.1,4,5,90,73.21
8.7,7,14,5,5,7,9.8,0,11.3,5,8,34,51.93
5.2,5,14,10,8,6,7.1,0,3.3,5,7,61,61.29
5.9,3,29,7,7,2,6.9,0,2.0,3,10,73,70.43
4.0,10,3,4,8,3,7.6,7,5.8,4,9,72,52.82
0.5,6,7,1,8,10,6.5,1,8.4,3,8,19,26.01
3.4,7,26,2,6,10,3.2,1,2.7,7,9,100,51.53
8.0,1,15,10,10,5,7.3,5,0.0,1,1,34,65.59
0.0,6,27,10,2,10,8.0,5,4.1,6,10,36,36.74
3.3,1,15,4,6,4,5.9,6,11.6,4,3,103,55.64
4.0,1,29,1,1,2,8.3,2,8.3,1,5,71,40.78
5.4,7,3,8,1,4,4.6,0,4.8,1,9,109,53.03
9.2,1,12,9,3,8,4.5,2,2.3,5,8,119,53.34
3.5,10,25,4,3,5,4.1,1,4.3,5,10,53,56.18
3.5,8,27,10,5,5,5.6,7,2.0,10,7,94,64.12
7.4,0,12,3,1,10,8.9,0,1.3,7,2,112,20.81
4.5,8,1,2,10,3,8.8,4,10.9,4,6,106,59.25
2.2,0,30,5,6,8,5.7,1,12.0,9,4,79,47.89
4.5,9,2,3,7,6,7.1,1,2.0,4,5,27,37.0
1.4,9,21,10,10,2,8.0,1,0.7,7,5,69,77.17
1.8,1,7,7,3,2,4.7,6,4.0,5,4,31,27.09
5.0,5,23,6,4,9,4.2,0,5.5,5,4,91,57.77
4.2,5,14,1,10,7,9.8,5,2.5,6,4,10,32.09
9.1,0,10,8,10,10,7.3,3,3.6,8,2,41,49.58
3.6,6,30,2,10,9,9.9,4,2.4,5,1,22,48.09
5.8,7,8,5,10,6,5.4,4,9.3,3,2,29,64.12
6.3,1,6,9,10,5,7.9,2,8.6,6,7,8,48.48
0.1,7,12,8,3,1,4.6,0,7.6,2,1,91,66.55
6.6,8,1,2,1,6,4.8,5,4.6,8,6,87,27.4
1.8,5,7,9,8,6,6.6,1,10.9,8,4,58,53.19
9.6,4,6,5,10,3,5.2,3,11.6,3,2,27,68.62
1.5,8,23,10,10,3,4.2,0,2.1,8,3,87,86.56
4.1,10,11,6,2,3,4.8,0,2.7,9,7,78,49.91
0.9,8,18,3,1,3,3.3,6,6.3,5,6,102,45.62
10.0,0,6,3,8,7,7.9,5,1.1,5,6,113,44.53
5.0,10,9,10,7,10,6.4,3,5.2,6,8,32,53.09
6.0,2,28,8,7,2,3.7,1,7.0,7,8,46,68.43
0.7,8,24,10,4,10,4.2,0,6.3,3,6,97,66.51
7.5,10,15,10,9,10,3.7,4,4.0,5,1,21,72.91
2.1,1,2,2,6,2,7.3,7,6.5,1,10,28,18.35
9.0,3,29,2,2,3,3.7,4,11.5,10,7,33,46.73
2.1,3,9,5,1,10,8.3,3,2.5,5,8,41,10.15
1.9,1,5,6,1,7,3.1,7,7.9,4,5,51,18.38
0.4,2,17,2,9,3,4.7,1,0.5,1,4,46,45.2
4.7,2,17,5,4,7,9.2,3,0.8,7,7,73,30.08
5.6,0,4,7,5,9,8.0,0,6.6,1,6,50,32.38
0.7,5,20,10,3,10,3.5,6,1.3,8,6,117,47.17
7.8,7,28,10,4,4,8.7,6,0.3,10,3,44,60.99
4.5,2,6,8,8,7,6.5,4,2.1,2,10,93,45.2
5.2,4,27,7,4,9,8.9,6,6.8,10,4,119,53.8
4.4,0,1,8,9,8,7.2,2,8.4,5,5,74,47.09
4.0,9,10,9,9,8,7.8,3,2.4,6,9,117,64.87
5.6,6,29,5,6,9,10.0,6,8.0,9,8,33,42.06
1.6,9,12,5,2,5,4.6,2,2.2,7,3,20,34.29
1.8,0,22,10,10,5,7.4,2,7.4,6,6,12,56.05
8.6,10,4,4,7,3,6.2,5,4.9,5,10,53,55.15
9.5,8,29,9,9,5,3.3,4,7.8,6,1,24,94.83
3.7,7,5,5,6,8,3.1,3,11.9,4,3,117,59.91
2.7,6,23,2,3,5,3.8,2,11.3,1,10,20,41.91
6.4,9,25,10,7,4,7.5,0,0.1,9,7,0,62.89
4.1,6,28,8,5,8,7.0,6,10.6,5,7,57,58.35
0.3,4,13,7,1,7,6.9,5,0.8,8,2,68,22.96
1.6,4,11,8,3,6,3.2,1,11.4,7,3,116,58.23
7.2,10,3,3,5,5,6.3,6,3.4,8,7,85,41.5
6.6,4,28,4,7,5,9.5,6,4.6,1,6,70,60.57
0.3,0,22,5,3,10,5.8,6,1.1,9,7,12,5.86
2.2,7,5,6,6,2,7.4,5,1.3,1,10,108,53.62
2.3,10,9,1,5,4,8.5,1,8.7,3,9,51,44.95
6.7,0,17,4,1,8,8.5,4,11.3,8,8,22,14.38
0.2,3,14,10,10,8,6.6,3,7.3,1,6,20,54.31
1.0,8,7,5,6,1,9.0,3,8.6,1,4,5,48.41
8.0,8,25,7,8,2,5.7,1,9.1,6,10,19,77.74
1.8,4,8,5,1,5,9.2,7,3.2,5,9,75,19.92
6.5,3,4,1,2,9,4.7,6,0.5,6,7,39,6.36
2.4,2,9,7,4,10,5.0,0,0.0,3,5,8,21.85
1.0,2,19,8,2,7,3.4,1,4.2,10,2,49,35.09
2.4,4,5,7,9,10,8.6,1,2.9,10,9,27,27.51
7.2,9,15,4,10,5,5.9,3,0.7,6,7,10,57.94
8.6,0,23,8,8,1,4.6,2,2.2,2,9,115,80.57
8.3,4,26,5,8,6,4.6,0,1.5,8,9,95,67.72
4.0,5,30,10,4,8,9.3,3,11.0,6,10,74,61.98
6.7,6,2,9,5,7,8.8,5,1.7,4,5,87,49.12
2.0,8,9,10,4,2,6.9,1,6.5,4,7,55,59.46
2.9,2,10,5,9,5,7.3,7,7.1,7,5,78,43.36
9.0,1,10,1,2,4,6.3,2,6.5,3,3,104,39.59
0.1,2,16,9,8,9,5.7,0,1.2,3,10,34,43.07
0.9,8,3,5,2,10,9.4,4,3.8,6,8,80,15.9
2.1,6,30,6,1,1,3.9,0,0.6,9,8,24,44.4
0.3,8,3,4,10,6,5.9,0,4.7,1,9,112,57.89
1.8,1,16,6,3,3,5.4,6,2.3,5,6,98,37.93
5.8,4,8,8,9,9,6.5,1,6.7,1,2,18,58.24
4.2,3,18,3,3,5,6.2,1,8.3,1,3,104,52.35
8.9,1,4,5,9,6,6.6,4,6.4,3,10,30,40.89
8.2,8,21,2,7,9,4.0,4,5.2,3,6,80,59.5
3.4,8,23,2,10,9,6.6,4,4.6,4,1,118,70.13
2.6,5,5,7,1,8,4.7,3,10.1,3,2,49,35.67
3.8,10,2,10,10,9,4.3,3,2.6,6,8,86,68.59
5.9,5,21,10,5,4,3.5,1,8.8,4,8,62,72.64
2.7,7,0,10,9,6,8.3,1,9.1,8,6,46,53.56
6.2,5,19,6,3,5,6.0,4,5.0,1,3,0,46.57
4.1,0,21,4,9,5,7.4,3,3.6,8,2,57,48.54
5.5,3,15,5,5,4,8.1,2,5.6,1,6,9,41.37
4.4,6,22,1,9,2,7.8,3,1.1,1,1,7,55.43
2.9,1,10,7,10,6,6.3,1,0.6,7,10,105,49.46
9.5,8,12,8,6,9,5.7,3,1.3,1,6,25,58.02
7.6,7,26,9,9,1,5.6,1,2.2,9,9,33,77.19
1.4,7,9,8,7,7,7.5,4,6.1,8,7,18,38.46
8.7,6,2,5,7,6,6.5,6,10.2,1,9,77,56.48
4.9,3,8,3,8,3,8.9,4,2.8,2,2,71,45.26
8.9,1,27,10,7,1,9.1,4,11.2,2,5,114,90.23
8.0,2,11,9,9,4,4.2,2,11.5,2,9,0,62.92
4.3,5,22,6,9,9,4.0,6,11.5,6,7,47,61.38
0.2,4,13,5,6,2,7.4,2,10.1,4,9,24,37.85
2.7,7,0,3,7,3,5.1,1,4.4,8,6,23,32.33
5.4,5,17,6,2,2,3.1,0,0.9,1,7,46,53.07
6.3,5,16,3,9,2,9.2,5,6.8,10,10,83,54.24
2.6,0,26,10,1,10,4.6,2,6.7,4,5,119,50.12
1.4,3,8,6,1,8,9.5,1,10.2,10,6,93,19.99
8.3,4,8,4,3,3,8.0,6,12.0,5,1,68,49.49
9.8,10,22,2,6,7,8.3,3,6.1,9,1,66,58.11
5.3,2,9,8,5,8,4.4,6,4.1,5,2,31,33.8
1.7,8,18,4,2,3,4.6,4,2.2,3,4,16,39.73
2.7,0,28,9,9,2,6.6,4,0.1,4,9,60,61.29
0.2,5,14,7,10,8,4.2,4,6.1,10,7,105,53.36
9.1,5,4,2,4,3,5.1,1,6.7,7,6,68,42.77
1.2,9,14,4,4,7,5.3,4,9.9,1,1,10,45.4
5.8,4,19,5,5,1,4.1,2,6.1,6,5,37,54.68
2.7,4,22,3,8,6,4.4,3,11.0,8,4,67,52.55
5.5,9,29,9,10,9,8.5,4,7.5,1,5,102,93.71
6.5,4,24,5,4,3,4.2,1,10.1,8,9,18,51.37
8.3,5,27,2,5,7,3.2,3,1.8,7,3,102,58.49
2.1,7,1,3,4,6,7.4,4,10.3,1,4,109,45.67
0.1,1,12,9,6,8,9.8,0,8.1,9,8,112,37.69
1.4,5,23,7,3,3,5.3,7,2.0,3,3,86,51.66
9.0,0,15,2,8,3,3.8,4,2.3,2,3,16,45.7
8.7,3,14,9,6,4,7.0,5,11.1,7,9,12,51.73
6.0,9,24,4,10,3,9.3,6,0.4,3,5,90,75.58
6.0,2,9,9,5,9,8.5,2,5.6,1,10,0,32.17
6.7,8,13,2,2,4,7.4,3,3.8,10,1,1,28.22
1.8,2,9,10,10,6,5.2,2,8.0,3,7,81,61.86
9.1,5,24,4,10,8,6.8,0,10.1,6,7,99,78.28
4.2,0,13,5,7,8,3.6,0,4.3,3,6,108,49.79
3.8,5,25,2,2,5,7.8,5,5.1,5,6,96,42.21
5.2,3,29,10,1,5,8.1,2,11.8,9,3,99,62.87
0.5,7,22,1,7,6,9.8,3,9.4,7,3,65,44.88
1.7,10,30,7,5,10,4.8,0,10.8,2,10,67,70.44
7.4,8,8,10,1,7,3.1,7,5.3,1,9,15,45.81
0.8,3,24,1,4,10,6.8,0,2.8,7,1,3,18.54
6.0,9,13,8,4,7,7.9,4,4.9,4,7,56,55.02
2.5,9,2,3,10,4,8.5,5,8.6,7,10,72,46.75
3.9,5,19,10,7,6,4.4,6,1.3,6,7,112,67.66
2.9,0,15,6,9,7,4.8,1,3.2,7,8,84,45.79
3.6,3,1,7,2,5,6.6,6,0.6,4,6,22,19.1
7.2,6,9,10,1,5,5.3,7,5.2,3,8,115,54.64
3.0,0,2,1,2,2,9.0,6,9.9,5,1,116,25.95
5.7,7,10,6,7,7,6.3,7,0.3,3,1,1,43.12
4.8,9,10,7,10,6,8.6,0,8.1,3,9,66,67.21
6.6,10,20,6,6,1,7.1,3,11.2,4,4,86,84.05
9.4,5,20,4,4,4,8.4,3,2.8,8,3,25,42.48
7.3,4,21,1,1,3,5.3,4,8.3,2,6,110,51.73
2.1,9,12,9,1,3,8.8,7,11.7,4,10,6,37.56
0.3,10,6,4,5,7,4.9,3,11.5,3,9,99,48.92
2.6,8,22,7,1,10,6.8,4,2.8,7,10,43,26.86
6.0,1,16,7,7,4,4.5,0,1.2,2,4,32,54.41
0.5,4,29,2,1,8,6.3,0,1.8,1,9,112,33.01
5.0,5,1,1,1,9,5.2,6,8.4,10,5,63,5.38
6.0,6,11,8,2,3,4.9,0,8.7,1,7,35,57.16
3.3,4,24,8,10,5,9.8,0,8.1,6,3,3,63.79
7.7,8,9,7,3,4,4.1,7,4.0,3,3,117,65.49
1.1,0,17,8,1,10,8.5,1,2.0,7,3,22,11.4
0.8,6,21,3,9,6,9.9,5,7.0,8,8,24,37.16
7.3,9,26,2,10,10,3.1,6,5.8,5,6,104,73.74
5.0,6,10,7,8,4,7.9,6,8.7,5,9,89,57.99
6.9,3,15,8,5,8,4.8,5,5.3,2,9,91,57.07
4.3,8,16,1,2,3,3.3,1,4.1,8,8,91,43.88
2.5,10,18,10,5,5,5.8,0,3.5,10,1,84,69.28
8.2,4,17,9,6,1,9.5,3,2.5,1,6,73,70.18
8.0,3,2,4,1,6,3.1,4,3.2,10,4,26,16.28
6.9,6,20,4,4,5,7.1,6,1.1,9,4,50,36.66
2.7,3,26,3,9,8,6.5,5,4.2,1,3,114,61.75
5.9,2,25,6,2,9,9.1,2,0.4,1,9,78,36.57
3.6,8,15,1,5,8,3.6,4,2.2,1,2,117,51.66
0.9,10,5,6,1,8,7.8,2,9.0,7,1,80,36.06
9.2,7,24,2,4,3,7.8,2,3.9,4,10,102,63.13
1.4,0,11,9,4,4,7.7,7,8.0,7,3,98,41.53
9.5,6,10,2,6,4,9.6,6,8.6,5,4,68,47.78
4.5,8,14,7,10,5,8.8,0,7.0,7,4,79,72.85
1.9,7,14,1,9,9,3.3,7,11.5,10,6,22,37.06
5.4,7,15,7,3,9,6.3,2,0.3,7,1,102,51.19
8.7,5,9,5,9,10,5.8,0,8.9,4,1,111,69.52
7.3,10,11,8,6,1,5.2,1,11.5,2,2,8,77.46
8.1,3,27,4,7,8,6.2,3,10.3,8,4,32,54.61
6.6,7,12,10,10,1,5.7,2,2.0,2,7,34,79.97
6.9,2,3,7,2,2,6.0,6,3.9,9,6,120,39.58
8.5,8,6,6,10,7,9.9,3,2.1,5,9,103,62.6
2.5,1,21,5,6,8,3.6,0,7.2,9,7,49,40.14
4.9,1,1,4,6,1,9.5,2,8.5,9,5,23,24.76
2.2,6,25,7,2,3,6.4,4,3.8,8,6,87,52.93
9.9,9,26,5,2,7,7.4,7,6.5,8,10,113,58.08
9.4,3,26,5,2,9,8.8,6,8.3,4,9,23,38.37
0.4,9,26,1,10,8,5.5,1,5.1,4,1,18,55.45
7.1,7,14,2,1,8,6.0,5,10.2,2,9,38,34.8
9.3,8,30,5,5,9,5.9,1,9.3,4,6,60,71.07
1.8,6,7,3,8,10,5.6,7,0.8,4,4,24,24.68
5.7,4,6,2,2,3,9.5,2,7.5,6,5,115,33.88
9.2,7,30,4,5,8,8.8,7,2.8,3,1,94,64.75
0.3,3,14,4,8,1,3.8,6,6.7,2,7,101,58.45
7.0,1,22,4,10,8,3.8,1,11.5,8,8,24,53.95
3.0,10,13,4,5,7,6.0,5,10.5,2,5,26,47.7
9.2,5,30,3,2,8,3.7,4,4.9,8,2,31,45.03
9.7,8,7,7,3,1,7.3,3,3.5,7,8,10,48.98
9.4,0,27,9,6,6,4.0,7,2.8,3,10,68,64.67
4.7,10,11,5,5,7,6.7,4,6.4,6,7,107,55.73
8.6,9,12,4,4,5,3.1,1,1.4,6,10,32,46.94
8.4,6,29,2,4,5,5.2,5,6.6,10,9,18,42.07
3.2,9,10,2,5,7,7.7,3,0.0,5,4,106,42.39
8.3,8,16,5,2,3,6.4,6,3.9,8,9,110,50.49
0.4,9,30,7,9,6,9.8,5,2.6,5,4,120,75.32
6.0,8,28,10,2,7,9.1,4,11.7,7,3,15,55.94
2.3,9,16,10,10,1,5.5,0,8.7,6,3,98,95.19
1.2,10,23,9,2,2,3.3,0,4.2,7,10,10,55.7
0.8,2,3,7,10,4,8.9,3,1.1,9,2,74,39.15
7.0,10,20,5,9,8,9.4,7,6.2,3,10,73,67.43
3.4,4,7,10,3,10,8.7,3,2.6,10,3,97,30.85
7.2,7,4,10,10,6,3.9,3,6.4,7,8,115,74.65
0.7,7,25,10,7,1,10.0,0,10.0,10,8,68,70.69
3.2,3,15,6,4,10,4.8,4,7.4,3,2,86,46.31
5.4,10,3,3,6,5,8.1,7,7.6,2,2,54,51.31
7.9,10,27,5,4,7,9.4,3,6.5,7,2,24,56.39
3.2,0,21,8,10,6,4.6,0,11.1,4,10,92,71.35
6.3,0,28,1,7,9,9.4,3,11.2,1,7,103,50.91
8.9,3,14,1,1,8,5.2,3,6.2,6,6,76,27.43
6.2,5,11,7,3,4,9.8,7,3.7,6,1,110,50.25
2.3,7,4,5,3,5,5.0,7,5.5,6,2,95,40.24
0.2,5,29,5,1,7,9.7,5,2.2,2,1,33,29.82
8.7,8,22,1,6,8,3.4,3,7.6,1,7,11,56.65
0.2,8,15,9,9,5,8.0,0,6.0,3,6,87,74.71
8.7,1,13,1,8,9,6.7,4,1.2,2,2,103,44.19
5.3,9,9,5,7,10,6.3,0,2.4,6,2,20,45.04
9.4,0,6,10,10,4,4.6,0,5.8,6,2,28,66.1
8.0,1,12,9,8,4,7.9,3,10.7,5,8,50,60.1
10.0,4,19,4,6,8,4.3,5,6.8,10,7,120,55.38
3.5,3,27,8,9,1,6.9,2,8.2,10,1,22,67.15
7.7,3,28,6,3,8,4.8,6,4.1,5,4,32,45.59
4.0,8,4,3,10,5,9.7,2,6.9,9,4,7,40.83
4.8,10,28,4,10,1,3.2,2,5.4,5,7,41,84.7
6.3,7,2,2,9,4,4.4,0,7.9,10,2,76,53.98
8.7,5,14,1,4,2,4.7,3,0.6,6,4,68,46.04
9.8,0,3,8,7,4,5.9,7,5.9,4,1,117,56.25
7.7,1,14,1,9,8,4.6,6,3.6,10,4,40,33.15
4.2,5,13,1,2,5,6.4,2,3.9,1,1,73,34.56
4.2,10,19,4,2,1,9.1,1,11.5,4,2,62,61.18
7.4,1,18,10,9,7,8.0,1,2.2,2,2,13,59.14
2.4,9,12,10,3,1,7.1,1,3.7,10,10,87,53.32
1.1,4,9,6,9,9,3.6,4,6.1,3,3,61,51.24
3.5,4,20,9,5,3,7.9,3,10.4,7,8,74,58.52
2.9,5,4,1,6,3,4.2,0,5.0,7,6,45,32.88
3.0,5,26,7,2,6,8.5,0,8.9,1,6,66,55.45
2.3,5,22,10,8,10,4.8,3,10.3,8,9,92,65.54
0.4,1,19,5,9,6,5.9,5,3.7,7,8,52,37.74
0.2,9,28,8,2,6,5.5,7,4.7,1,2,111,65.23
9.9,2,19,7,6,1,9.0,6,4.3,8,6,51,56.01
4.3,5,24,4,6,5,3.9,5,10.0,2,1,93,69.4
3.8,7,5,4,8,6,7.0,7,0.5,8,9,112,38.02
6.8,10,30,6,10,8,4.0,4,3.7,3,4,100,91.3
2.2,0,3,6,5,1,7.9,3,8.2,10,4,6,23.46
9.5,0,1,9,9,5,9.3,5,6.8,7,9,80,49.78
7.9,10,21,5,1,3,6.0,6,5.2,6,3,83,60.04
0.9,1,15,8,9,2,6.4,4,6.5,5,5,53,54.54
4.2,10,17,5,10,8,9.5,2,2.4,10,1,10,50.64
8.8,5,4,2,7,7,6.6,2,5.2,2,6,107,54.41
9.4,8,21,6,4,10,6.4,4,6.0,2,3,24,56.65
4.7,3,3,9,3,7,7.0,7,10.8,1,1,58,43.78
6.1,2,29,3,10,5,7.8,3,3.1,9,10,87,57.35
1.7,7,12,1,6,9,3.7,2,10.4,8,6,65,36.66
9.9,10,18,1,1,5,8.7,3,7.7,8,10,26,33.88
2.3,9,22,3,3,2,6.0,5,0.2,1,2,82,56.22
9.4,8,1,10,2,3,3.5,2,8.7,5,8,57,59.78
6.5,10,12,5,9,4,8.5,6,0.4,6,2,92,66.91
6.1,4,10,3,3,5,5.6,6,12.0,2,4,100,49.17
5.1,8,29,9,2,3,3.7,5,10.5,10,3,10,62.24
2.3,1,21,8,4,7,7.4,6,3.6,5,9,54,34.57
1.8,2,28,3,2,5,9.2,3,3.1,6,2,18,24.65
2.2,6,3,9,1,5,9.2,7,4.6,9,3,91,30.11
1.9,6,21,6,6,6,9.7,3,4.3,10,7,38,34.77
7.8,5,19,7,10,7,9.1,7,4.5,1,4,84,73.53
3.5,5,19,4,8,10,3.0,6,3.8,10,6,89,45.75
0.6,1,14,4,10,10,5.7,1,7.5,3,3,85,49.5
9.7,9,3,2,10,8,8.7,4,2.0,9,1,69,44.58
8.8,5,8,5,2,9,5.6,7,10.2,1,6,10,35.68
9.3,3,6,8,9,4,7.2,0,9.7,1,4,13,65.28
9.9,2,18,7,3,5,7.2,4,5.7,1,2,59,58.23
1.7,10,18,7,8,5,5.6,6,10.2,7,7,35,60.1
4.0,1,5,6,8,8,9.3,3,3.0,5,10,103,35.69
7.6,0,5,3,3,9,6.5,7,0.2,6,5,40,6.22
7.0,10,19,5,3,7,6.3,3,7.4,8,6,1,42.68
1.5,10,14,1,6,5,10.0,4,5.5,2,6,56,45.4
8.2,4,14,7,1,3,6.5,7,6.8,2,9,106,52.06
2.2,1,24,9,4,1,4.2,3,10.8,3,2,59,66.69
2.2,1,19,1,1,9,6.6,5,11.6,3,6,19,13.34
5.4,6,8,2,3,5,8.7,2,7.6,3,9,21,27.14
5.9,7,3,3,9,9,8.4,3,9.2,4,4,102,53.11
5.8,9,17,3,5,10,8.5,7,1.0,3,6,3,30.99
0.9,7,17,8,5,4,8.0,6,1.9,2,7,55,53.74
8.8,3,4,7,4,5,4.8,6,8.8,9,1,92,48.85
2.7,0,19,6,3,4,9.0,4,5.2,6,5,109,39.34
1.3,10,22,10,5,2,9.3,4,5.4,3,4,57,73.15
8.9,6,29,10,4,1,4.4,4,3.7,9,10,87,78.77
9.6,0,10,4,8,8,3.9,6,7.3,4,2,64,50.79
8.6,10,4,9,4,4,9.8,1,2.2,4,2,87,66.18
8.1,3,21,1,8,5,9.1,7,7.5,8,2,57,44.31
6.6,7,25,2,6,6,9.3,6,2.1,7,7,29,42.27
5.5,1,3,4,5,8,9.2,5,0.8,7,4,75,16.11
0.9,5,28,3,4,8,6.8,6,4.0,10,6,18,23.93
4.1,5,11,1,4,7,7.5,5,2.8,7,7,100,25.23
3.7,8,1,5,4,4,6.8,6,10.7,10,9,61,32.65
2.6,4,12,7,9,6,3.4,6,0.7,5,2,103,60.63
7.2,9,9,2,4,4,8.2,1,2.1,7,10,106,44.81
5.0,3,8,5,9,7,6.5,5,6.6,4,9,117,53.14
0.8,4,9,6,10,1,7.5,1,5.8,8,5,67,57.59
2.2,9,30,7,6,5,6.5,5,0.6,9,6,78,62.68
6.8,10,6,1,10,10,6.4,1,0.1,3,6,83,52.01
0.8,4,3,7,7,10,4.2,1,11.9,7,3,43,40.15
8.5,7,18,4,10,4,5.0,5,7.9,10,10,83,69.65
5.0,9,9,8,3,7,4.1,1,4.4,9,7,117,53.36
4.8,7,29,4,8,9,4.4,6,5.6,1,7,118,74.47
5.9,1,30,6,3,5,9.8,5,3.2,2,8,60,45.36
8.2,6,2,9,1,4,4.1,1,4.1,7,5,20,39.23
3.5,7,24,5,10,9,4.9,6,7.8,2,2,9,64.88
6.8,10,20,4,5,5,7.1,6,10.6,7,3,29,56.79
5.7,5,28,8,2,9,7.3,4,2.2,1,9,23,43.62
2.7,4,30,9,10,8,4.1,0,10.1,3,6,47,79.26
8.8,10,18,4,6,4,8.6,5,1.5,5,8,54,57.18
8.0,8,30,3,10,7,8.5,1,2.6,6,8,103,73.37
6.6,2,20,8,9,5,4.7,4,0.4,9,5,51,54.96
8.5,9,1,5,1,10,5.0,0,1.7,9,1,103,40.81
8.7,3,26,2,4,4,9.6,7,11.0,3,6,37,44.39
7.1,8,19,10,1,5,8.8,7,5.5,8,7,66,49.27
8.4,5,9,9,1,5,7.9,1,0.9,4,9,92,42.87
7.0,7,1,3,8,9,3.6,7,11.5,7,2,7,37.28
6.8,6,1,2,2,9,5.9,0,10.5,6,2,28,22.11
6.2,10,27,1,1,6,6.9,5,9.1,8,10,118,52.14
7.5,1,23,8,8,4,4.3,6,11.2,6,1,9,66.76
1.6,2,16,3,4,2,6.1,6,2.6,4,5,68,32.49
8.8,0,15,7,3,3,7.2,0,10.0,2,2,74,62.83
8.7,8,15,1,4,2,5.3,7,8.3,7,3,67,54.37
0.3,6,13,1,5,5,8.5,6,10.4,4,2,48,32.41
8.3,0,6,9,1,6,8.9,7,9.6,9,4,57,22.73
1.3,2,20,8,1,5,5.3,2,4.2,9,3,34,34.7
3.4,3,30,3,3,2,8.9,3,9.3,7,9,49,38.71
7.4,3,10,6,6,5,3.7,6,3.1,5,10,39,38.36
1.6,4,23,3,1,9,8.9,2,3.9,3,2,119,37.8
8.2,2,0,4,2,4,4.1,5,1.3,3,7,11,22.6
8.3,2,10,1,7,10,3.6,5,11.2,9,3,84,41.14
5.1,0,22,5,1,2,7.5,0,3.5,9,10,15,23.42
0.1,6,20,1,7,3,6.3,6,6.2,4,8,77,46.35
2.9,10,3,1,4,3,9.4,7,4.7,1,4,84,39.89
6.2,9,6,10,10,9,5.5,6,11.5,10,4,47,66.72
9.8,0,25,7,6,4,5.0,7,4.0,5,9,90,61.45
6.3,1,14,6,8,1,6.5,7,9.3,8,3,99,61.8
2.6,3,17,2,9,1,6.2,6,10.3,10,7,0,37.25
6.3,3,11,2,6,7,5.4,7,5.2,4,1,64,37.46
5.4,4,30,7,9,7,7.9,4,4.5,10,7,21,53.41
7.8,10,16,1,4,2,8.3,1,9.0,10,10,14,38.13
1.1,1,0,2,6,9,9.0,3,11.0,4,2,115,25.9
7.6,3,10,8,8,9,9.8,6,9.1,9,6,83,46.26
5.4,0,27,6,9,5,4.9,1,2.7,9,9,66,53.71
9.6,1,0,2,3,3,8.0,4,10.7,7,6,13,18.68
3.4,0,14,7,2,3,5.8,7,4.7,10,3,72,32.12
6.3,9,27,4,6,3,7.7,7,6.9,8,1,18,61.34
9.3,9,20,2,4,6,6.3,5,10.0,4,4,39,53.02
1.0,3,9,6,1,4,10.0,3,2.3,8,4,97,21.79
9.4,3,6,9,8,8,8.1,2,9.4,6,8,3,47.9
6.9,6,1,9,9,5,9.7,5,7.2,3,10,32,50.52
0.7,9,9,8,9,1,8.8,5,10.7,7,10,42,58.51
3.0,10,23,3,2,9,9.3,7,2.1,3,7,36,31.22
7.1,10,3,3,9,1,8.7,0,5.0,7,10,65,56.04
0.7,8,11,2,7,6,6.2,4,10.0,5,7,26,37.6
5.8,8,18,5,5,1,4.8,0,0.2,4,7,44,58.26
3.5,4,25,4,7,3,5.6,0,1.3,3,2,80,63.99
6.2,9,10,7,9,10,3.1,1,11.9,8,9,112,73.15
0.5,0,7,4,8,5,6.7,5,3.4,4,6,49,24.15
8.7,0,17,9,6,10,6.5,7,11.7,8,2,116,59.42
9.7,5,10,2,4,7,6.7,4,2.2,10,1,94,37.81
9.7,1,10,6,1,10,9.8,0,4.3,3,1,62,32.02
7.5,7,12,7,6,8,9.4,7,9.0,10,1,104,56.54
1.3,8,2,4,3,9,4.1,7,7.9,9,4,5,16.38
7.6,3,11,6,6,6,5.6,7,7.0,6,4,115,55.7
0.2,4,2,7,6,9,6.0,2,6.4,5,9,94,33.56
0.2,10,9,4,4,8,5.5,3,10.1,5,1,66,44.89
3.2,7,26,8,2,9,8.6,7,2.8,3,3,103,53.83
4.9,2,16,9,9,10,6.7,6,5.3,2,3,66,58.17
7.7,4,21,1,2,4,7.0,4,1.9,6,8,96,37.27
6.8,2,1,7,3,9,9.0,1,7.2,1,2,115,41.54
4.5,9,16,9,10,7,8.6,4,3.0,7,6,58,65.24
2.7,2,15,10,1,5,3.9,5,4.0,5,4,12,31.09
10.0,2,1,5,7,5,8.0,1,5.7,4,10,20,38.73
4.3,6,27,2,1,1,6.0,3,0.3,9,6,63,36.28
4.5,6,21,10,9,2,5.1,7,1.1,10,5,36,64.78
1.6,6,29,6,1,10,3.4,2,8.2,1,9,79,48.89
7.9,9,19,7,5,3,6.4,0,5.1,4,9,84,75.64
6.9,7,5,2,7,8,5.5,4,10.4,3,1,119,58.73
2.2,4,27,2,3,6,4.8,1,8.3,6,3,47,43.33
0.8,4,24,10,9,10,7.9,7,0.1,5,1,55,53.29
6.8,3,28,10,8,5,8.4,3,7.4,7,6,43,70.03
6.5,6,9,1,3,1,4.7,0,1.1,1,3,12,37.67
2.7,9,27,4,5,9,3.3,6,9.4,5,1,3,55.01
9.5,3,9,7,7,3,8.9,3,11.9,2,6,94,67.12
1.5,1,7,9,4,3,3.1,2,6.4,2,5,72,49.49
4.3,3,0,3,5,2,9.6,0,8.2,2,8,111,42.46
9.4,7,12,7,3,4,7.4,0,2.8,9,2,32,50.23
4.2,8,23,7,9,2,5.3,6,5.3,10,8,36,65.09
6.4,2,8,7,10,9,4.7,7,10.3,3,5,52,54.26
4.0,6,21,2,9,10,3.1,0,2.0,4,8,100,57.49
2.7,8,9,6,7,7,4.6,1,3.2,5,10,23,42.45
9.8,10,14,2,10,8,4.0,0,5.3,4,4,88,78.31
4.1,3,4,6,2,3,7.3,3,8.5,4,4,50,37.27
8.9,9,21,10,7,6,4.2,1,4.5,5,10,40,76.56
2.3,2,15,3,7,10,6.7,0,11.1,10,4,28,25.72
2.1,4,12,2,5,6,7.1,3,1.1,9,6,58,21.44
0.3,0,21,6,9,1,5.1,3,4.4,9,4,39,52.86
6.5,2,24,2,3,6,3.2,4,8.5,6,9,50,36.03
3.7,7,19,5,4,3,3.3,3,2.7,3,9,49,54.93
8.6,10,17,2,1,3,3.2,6,7.9,6,3,110,63.91
4.7,7,10,3,6,3,8.2,5,2.0,10,7,35,30.72
9.7,3,26,3,4,10,5.2,2,0.7,4,5,78,48.23
1.9,1,8,6,1,10,8.6,0,1.5,3,9,108,20.69
8.7,7,15,6,2,8,6.0,6,11.2,6,2,59,50.05
7.8,7,1,10,3,5,6.2,0,6.6,6,3,17,48.38
7.7,9,25,3,9,4,6.6,0,9.6,2,10,19,72.3
8.4,3,24,3,8,9,8.0,3,4.0,9,5,4,35.98
7.6,2,1,1,7,9,4.9,3,7.1,8,5,17,17.95
6.3,1,11,7,4,1,3.9,0,5.9,6,10,39,42.67
1.3,8,7,8,1,2,6.9,5,11.3,1,7,0,39.18
0.3,0,8,2,8,8,5.3,1,9.0,2,8,18,21.82
9.2,6,11,4,4,5,6.1,1,8.8,4,8,86,55.84
6.2,4,25,10,3,7,7.5,2,0.6,7,1,25,47.24
8.0,7,8,7,9,1,6.5,4,6.6,9,1,112,78.96
4.8,3,9,8,10,10,7.3,7,5.6,10,3,28,40.35
1.2,6,24,1,4,5,6.8,6,11.1,5,1,58,40.24
1.3,4,1,4,4,3,8.2,2,3.1,10,1,62,23.37
6.9,4,15,6,9,10,7.9,7,3.2,2,10,97,55.07
4.3,8,19,3,2,2,6.7,0,4.9,1,8,82,52.78
2.0,8,6,5,5,2,7.8,6,2.9,10,1,61,41.39
4.9,8,27,10,4,9,9.1,0,1.6,1,9,47,61.72
0.6,5,1,9,9,4,6.0,0,10.3,5,2,61,59.53
5.8,5,0,3,5,4,5.9,4,6.7,7,9,17,23.82
2.7,4,18,5,9,7,8.3,3,10.3,9,7,65,49.6
8.0,8,27,8,9,10,7.1,4,10.0,9,9,26,66.35
3.1,9,3,6,2,10,3.5,2,3.4,8,3,5,23.68
4.6,7,23,4,9,2,9.2,3,6.6,1,1,102,80.02
0.1,6,21,8,3,3,3.2,3,1.0,5,1,69,56.45
0.7,6,26,3,4,3,8.2,2,11.0,6,10,58,42.92
3.9,5,1,3,1,6,8.3,3,4.9,6,6,5,6.34
4.8,4,30,4,1,3,9.7,6,4.7,4,7,30,34.39
6.0,3,24,9,1,5,3.4,1,3.6,1,9,104,61.43
2.9,2,13,5,9,4,7.2,2,5.5,3,6,103,59.64
6.9,2,1,8,8,3,6.0,7,3.0,10,5,93,49.09
8.6,5,28,6,5,8,5.3,2,4.5,4,2,55,65.87
7.8,3,14,3,5,10,3.6,1,9.6,4,2,53,43.98
0.4,5,11,8,9,3,6.9,4,10.0,4,8,84,62.46
4.8,2,4,9,3,6,6.4,4,3.7,5,1,40,35.97
1.0,3,27,8,3,7,3.7,4,5.6,9,8,107,48.69
2.4,8,19,4,7,7,7.3,3,10.5,4,10,17,50.25
9.9,4,28,6,9,2,8.2,1,0.6,9,7,86,74.96
1.4,6,6,1,6,3,8.4,6,10.7,9,7,101,34.21
5.0,9,23,4,2,10,9.3,2,2.6,1,5,22,37.48
6.2,1,20,8,1,10,5.9,2,8.1,5,3,91,44.46
7.0,4,9,1,2,4,9.7,2,7.0,9,7,35,17.34
5.6,8,13,3,1,7,9.1,3,6.6,4,7,24,28.17
0.1,10,13,1,10,2,5.1,3,10.3,5,7,6,54.25
3.3,2,4,9,10,3,4.1,5,1.2,4,2,81,59.88
5.2,8,17,2,9,7,6.0,6,4.2,2,3,19,49.99
0.9,10,23,9,10,7,5.8,4,6.5,10,3,4,61.57
3.5,5,13,4,8,10,7.0,7,9.7,2,4,17,40.37
0.3,3,1,2,7,3,7.1,5,2.6,2,9,105,29.02
0.8,6,25,4,3,1,8.2,5,9.6,1,10,103,52.84
4.0,7,11,10,8,3,6.6,3,4.8,3,1,32,70.44
1.3,5,21,6,2,5,3.7,4,2.3,10,7,78,40.9
5.7,4,23,7,2,7,9.0,4,9.1,1,7,34,44.95
6.9,5,5,3,10,4,5.2,2,1.1,4,4,110,63.13
8.0,4,3,3,3,1,9.8,3,6.2,1,1,109,49.61
2.0,7,12,10,7,6,3.8,4,0.8,4,3,64,61.81
1.7,0,3,8,1,2,9.7,7,4.3,3,5,62,21.82
1.0,10,21,5,8,3,3.6,5,7.2,9,2,84,70.67
6.4,6,13,4,7,4,4.6,1,6.7,1,7,71,64.59
7.1,9,30,7,4,6,3.3,1,4.9,8,10,70,69.84
0.3,9,15,7,5,6,7.9,3,5.1,9,10,40,37.12
9.4,10,28,9,10,7,9.0,2,2.7,7,7,49,84.98
0.5,1,3,9,1,5,6.0,2,5.5,1,10,107,31.94
5.4,8,23,5,4,7,9.5,4,11.4,4,5,103,61.21
7.1,0,24,8,1,2,7.1,7,10.2,10,10,103,47.01
8.7,10,0,10,1,1,7.4,6,1.7,1,6,29,49.87
7.1,9,12,1,10,10,8.9,3,0.4,4,1,37,47.15
8.0,5,3,9,1,8,5.1,6,11.2,3,4,34,40.09
3.4,8,19,8,7,1,5.5,1,6.3,2,4,65,82.17
8.1,0,17,6,7,2,9.3,5,6.5,1,8,45,53.61
0.8,3,5,3,4,10,9.3,4,9.4,6,2,7,7.76
8.9,3,2,3,2,6,9.8,5,3.8,7,1,101,28.09
5.5,8,22,8,3,1,9.3,6,5.8,6,7,67,62.64
8.2,10,12,5,8,10,3.9,4,11.6,9,6,36,59.09
4.5,4,26,10,8,3,8.8,0,8.1,9,5,84,76.51
6.4,4,15,7,6,7,5.9,5,1.8,2,8,12,40.42
5.3,5,26,5,10,8,9.9,3,1.6,2,2,72,64.24
7.3,0,4,8,9,4,6.3,5,2.5,9,2,44,43.81
0.8,0,3,10,9,3,6.9,5,9.2,1,9,28,44.51
0.6,8,20,10,4,1,6.7,4,3.5,5,1,40,62.6
2.5,2,7,4,1,9,5.3,1,0.3,1,6,55,15.73
1.6,3,18,2,1,10,3.5,6,11.3,7,3,87,26.14
8.7,0,13,3,10,6,9.3,0,2.0,9,5,15,34.79
2.2,8,6,8,5,6,8.6,5,0.1,6,8,11,29.95
9.8,7,30,7,2,9,4.0,7,2.8,2,7,65,61.32
3.4,1,13,2,6,1,8.4,6,2.8,6,4,61,28.45
1.8,7,5,6,7,6,7.4,7,5.1,9,8,18,26.39
7.9,6,11,9,1,5,5.9,6,11.0,3,10,29,45.81
6.6,10,15,4,6,6,4.8,7,10.6,9,2,15,50.34
5.0,5,16,9,8,8,9.0,1,5.5,8,7,87,59.95
5.6,0,12,2,5,5,7.9,2,4.9,7,5,12,22.15
7.2,6,22,2,7,2,6.8,0,6.7,8,6,68,63.3
2.3,9,13,9,10,2,7.3,0,2.9,10,3,22,65.79
10.0,6,28,7,6,10,3.6,7,0.6,6,10,61,61.04
9.7,8,6,7,4,5,6.3,7,11.3,3,7,119,67.22
6.5,0,13,1,7,3,4.4,7,2.2,7,7,101,37.25
2.0,1,14,6,10,10,4.5,6,2.4,4,2,30,38.56
6.8,10,11,7,9,3,7.6,4,5.7,10,1,52,68.92
0.7,8,16,6,10,8,9.4,5,5.9,5,10,119,58.77
0.3,8,8,6,10,7,5.8,2,0.2,8,2,16,43.73
2.6,5,21,2,7,1,4.5,7,1.8,7,8,48,43.75
4.6,5,14,6,5,5,7.5,4,4.5,7,10,48,38.37
8.7,3,11,4,7,9,9.1,3,8.2,8,3,66,42.55
7.3,3,1,9,3,4,8.2,1,2.7,10,4,25,31.64
7.4,4,4,1,2,1,9.1,1,5.1,3,8,12,23.07
4.3,2,12,8,5,8,6.8,4,6.7,3,3,107,49.43
3.5,0,26,5,4,5,8.3,6,10.7,2,6,37,36.49
3.7,0,19,1,5,2,4.0,1,3.9,1,2,21,40.63
9.9,6,22,4,8,1,5.4,5,1.6,10,3,84,68.14
0.4,0,7,1,4,3,5.7,1,5.9,6,1,28,16.32
8.7,0,26,6,9,9,6.6,5,9.0,6,9,44,51.68
5.8,2,13,2,7,1,9.5,3,1.3,10,4,45,29.82
4.4,9,14,5,10,4,9.1,7,5.1,8,6,38,55.67
7.3,3,10,7,7,8,3.9,2,0.2,6,7,68,48.65
4.9,3,0,2,8,8,4.2,0,0.4,6,2,77,33.09
8.7,1,20,6,6,10,5.5,4,5.8,1,8,81,48.85
9.0,0,30,6,8,8,5.0,4,3.6,7,9,67,55.87
4.2,2,2,5,3,10,7.3,5,10.1,7,10,96,19.59
2.8,10,16,5,10,8,9.3,3,7.2,10,2,38,52.41
5.9,3,27,3,10,4,9.7,3,5.4,9,5,19,50.64
9.1,2,18,10,1,8,7.6,6,4.9,7,2,76,45.38
2.1,7,13,10,6,9,8.9,0,6.0,8,5,99,57.09
6.2,9,21,2,1,7,6.7,7,0.5,4,7,108,41.5
6.3,0,29,7,9,2,4.5,2,10.7,9,6,67,71.69
7.3,1,22,1,2,9,6.7,4,12.0,1,4,34,33.42
1.3,6,7,6,2,8,6.9,5,2.2,8,2,7,14.24
7.2,3,12,6,7,5,8.2,3,1.4,3,7,51,47.09
9.1,7,26,3,2,3,4.5,7,1.7,1,10,39,49.17
1.8,10,19,2,10,7,5.6,4,7.9,2,9,120,69.67
2.4,2,2,2,8,2,5.5,5,7.9,6,1,112,43.91
9.7,5,4,9,6,3,9.7,1,10.2,5,3,110,71.58
1.8,8,8,5,7,9,6.1,7,9.0,3,7,35,42.62
8.5,0,28,7,7,4,8.3,4,5.4,9,9,5,43.93
4.9,0,5,5,6,4,8.3,2,7.4,8,5,119,37.96
2.5,7,30,7,10,3,4.9,7,8.3,3,7,85,87.77
8.7,2,24,4,9,5,7.0,5,6.2,2,10,69,62.0
4.5,4,30,8,9,3,9.3,2,5.7,8,7,105,75.43
5.1,0,21,10,7,9,6.3,4,7.7,5,4,99,63.2
3.6,4,1,10,9,3,9.6,1,6.7,9,5,72,53.44
5.9,10,12,7,10,2,4.5,2,7.7,1,2,15,86.32
1.6,5,4,10,3,5,3.5,3,7.4,10,8,102,44.91
3.9,7,27,5,3,6,9.2,5,8.6,3,1,45,52.28
9.7,2,26,6,1,1,8.9,4,7.7,5,2,58,59.09
2.6,2,24,5,5,6,9.9,1,6.2,2,3,37,42.56
6.6,10,7,7,4,10,7.8,3,8.2,3,7,96,56.04
3.3,10,22,2,2,3,9.6,4,5.4,4,6,17,38.45
7.7,9,0,5,9,4,8.8,7,2.9,4,7,11,47.1
1.3,8,19,10,3,6,8.9,6,0.0,9,5,53,43.43
9.7,3,11,3,8,8,7.0,1,6.7,1,4,90,58.78
4.5,3,22,9,6,9,5.7,3,7.1,9,7,46,47.06
2.4,6,10,6,5,6,9.5,2,11.7,9,3,0,33.63
0.7,1,6,10,1,7,6.0,4,4.3,6,10,14,10.87
1.7,7,14,3,4,5,6.8,4,4.7,1,7,110,50.99
5.2,5,21,7,3,9,6.1,2,2.4,6,2,90,50.71
3.4,2,23,4,1,4,7.0,6,0.8,8,8,79,24.86
8.3,8,10,3,5,10,6.3,0,9.3,5,6,20,41.61
4.3,4,28,8,6,6,3.3,3,3.0,5,3,0,54.66
2.5,7,21,4,2,5,9.2,2,7.3,1,3,92,50.58
6.2,6,25,1,3,1,6.1,7,8.3,1,5,66,57.81
7.1,7,15,6,6,5,7.1,4,5.7,8,3,11,48.12
1.7,6,2,10,4,5,4.0,7,10.5,5,6,27,39.84
1.7,2,19,1,9,9,3.0,3,5.3,8,2,38,36.06
0.4,1,13,5,5,1,4.7,6,3.4,10,8,36,26.62
7.4,6,2,7,4,5,7.9,3,10.8,2,9,94,54.61
6.6,2,0,6,2,7,3.7,7,10.3,4,7,59,29.62
4.7,2,30,2,6,6,9.4,7,2.0,10,3,30,28.65
8.4,1,25,4,10,6,4.5,0,0.3,9,10,57,51.98
8.1,3,20,2,2,7,4.4,4,1.1,3,4,96,44.12
5.9,7,14,1,7,6,4.3,1,3.4,6,10,96,49.43
8.7,0,0,3,3,5,3.1,0,11.7,7,2,110,40.89
2.1,0,16,3,9,10,8.4,0,6.7,3,9,103,42.33
1.1,4,1,7,5,5,9.1,1,4.5,1,5,10,29.88
2.7,10,28,1,8,9,7.3,1,10.7,2,2,109,74.8
0.6,4,19,9,6,8,4.3,6,5.4,10,10,28,39.08
5.3,10,5,6,10,10,5.0,6,3.8,7,6,88,56.47
9.4,0,7,4,8,4,6.3,0,11.3,7,7,118,59.62
0.4,5,28,3,3,4,9.7,3,10.2,1,2,12,42.08
1.2,0,15,3,3,10,4.7,2,10.1,10,1,50,18.04
4.5,4,18,2,5,5,8.1,2,6.1,7,7,107,46.01
9.3,8,0,2,10,3,6.1,0,9.5,10,1,53,61.04
3.2,4,2,10,3,8,5.1,3,2.2,6,3,18,29.09
5.1,5,27,5,8,7,6.2,1,6.9,6,4,57,65.85
0.4,7,2,9,10,5,3.5,5,11.8,7,2,35,59.45
1.5,10,4,2,8,10,8.6,0,3.5,7,7,27,25.65
9.9,0,26,2,2,3,4.7,4,9.5,1,5,67,50.65
9.7,1,11,6,4,5,8.1,3,5.9,10,1,2,27.97
0.0,8,11,10,10,3,3.5,4,0.5,5,8,101,76.69
9.5,2,19,2,1,10,9.7,4,9.2,8,10,100,22.7
6.4,5,12,4,4,5,4.4,0,2.0,8,7,106,46.55
8.7,4,19,6,4,1,9.2,3,7.6,3,4,88,65.58
4.5,10,8,5,10,6,8.7,4,1.0,3,2,40,58.37
5.2,1,6,1,9,10,9.8,6,11.4,7,7,34,20.03
4.9,6,3,6,3,4,6.3,7,3.5,4,2,92,44.46
6.7,3,18,1,2,4,8.1,6,2.7,6,6,104,31.16
1.4,0,21,3,9,8,5.6,3,1.5,9,1,92,40.16
0.3,3,18,10,9,2,4.3,2,11.4,10,7,75,68.95
3.1,5,5,5,1,4,6.1,7,8.5,2,7,98,35.4
7.0,6,26,10,6,2,4.2,5,8.9,2,4,83,93.45
2.0,6,12,5,10,1,9.9,4,6.0,6,4,80,61.46
6.7,6,10,10,8,10,3.7,4,5.7,3,10,116,70.97
9.7,2,12,6,3,3,7.1,3,1.3,1,5,75,51.13
0.9,5,12,10,9,8,7.4,6,6.7,2,2,120,71.06
6.7,7,27,8,2,6,6.8,5,3.0,7,9,49,50.3
4.4,3,24,5,6,7,7.6,2,11.7,4,10,99,54.94
8.7,7,21,1,1,2,3.8,4,9.6,2,4,73,58.86
1.8,1,27,5,7,6,6.9,0,5.0,8,9,81,45.5
6.9,9,19,3,3,8,5.0,6,1.8,4,3,29,40.77
8.4,8,14,4,7,8,9.6,3,9.4,4,9,71,56.61
9.4,8,20,8,4,4,8.3,3,1.5,2,1,104,79.63
6.8,7,12,7,9,6,9.8,6,2.3,1,7,114,68.48
5.0,9,21,5,5,5,3.3,4,2.5,1,4,76,68.76
6.2,9,10,2,3,9,5.0,2,6.7,3,7,94,47.46
8.7,0,18,6,8,8,4.4,4,9.4,6,10,120,61.09
5.7,1,7,6,6,2,3.1,6,3.8,7,6,69,47.78
0.3,5,19,10,2,7,4.7,7,1.0,9,4,53,35.99
9.3,9,7,10,3,7,7.8,1,5.6,5,4,70,58.39
6.9,4,9,6,8,1,4.6,4,9.0,9,8,84,62.68
6.8,8,25,9,10,1,6.6,5,2.7,8,7,101,90.22
2.2,4,15,8,7,4,9.2,7,2.6,1,4,106,61.46
6.6,1,18,8,10,5,7.9,6,11.4,3,6,112,76.06
3.9,9,25,1,6,4,5.8,7,11.4,8,6,50,52.78
6.5,3,22,5,1,7,5.6,5,11.9,9,1,27,33.98
1.1,8,10,7,9,3,6.2,7,9.7,4,2,63,65.99
6.6,0,12,6,3,7,4.2,7,2.3,6,4,120,37.08
10.0,10,27,5,5,8,7.4,6,2.5,4,6,107,70.34
0.5,0,8,8,7,6,5.5,1,4.1,9,6,84,37.91
9.8,6,19,3,7,6,9.0,5,3.8,2,1,20,56.82
4.1,10,23,6,3,8,8.3,5,11.5,6,8,87,56.79
8.7,2,18,5,4,8,7.3,0,9.5,3,2,26,44.75
7.8,9,15,8,10,7,5.5,3,8.7,10,5,26,70.12
5.7,1,6,4,7,6,4.5,5,2.2,4,4,76,40.72
7.4,8,18,8,8,6,8.4,3,10.9,2,5,49,75.27
8.8,2,11,10,2,10,6.4,6,9.9,8,5,28,33.59
4.0,1,14,2,9,6,4.6,2,2.0,10,10,38,27.97
3.3,7,30,9,7,8,4.4,4,10.5,8,8,56,68.05
6.7,9,22,9,8,1,4.2,0,3.3,1,10,118,100.0
8.1,5,13,10,6,5,8.4,6,1.0,10,7,91,54.54
7.6,5,10,10,6,3,4.6,1,7.9,6,9,36,63.41
8.0,9,25,6,9,8,6.7,2,7.8,1,1,92,88.92
4.4,10,9,4,4,6,6.2,7,1.1,6,6,63,37.38
8.2,6,26,4,5,2,7.1,0,3.8,7,6,47,61.69
1.2,6,10,6,9,7,9.1,0,11.9,2,2,21,53.41
5.4,10,5,5,1,7,9.1,6,8.1,9,8,99,35.57
0.1,5,1,6,4,5,6.2,1,8.8,8,6,29,24.5
3.2,3,10,7,7,8,3.1,1,2.6,9,10,27,33.24
3.7,10,18,7,9,5,6.0,3,0.9,10,9,22,56.96
4.0,8,5,9,10,1,7.2,4,3.3,4,10,96,70.02
7.0,5,13,8,6,9,6.9,6,3.0,4,5,3,37.87
3.9,3,19,6,8,4,7.6,2,2.8,8,7,2,38.52
4.5,2,5,6,9,2,4.1,4,2.3,1,6,60,56.71
2.4,3,16,5,10,4,7.5,2,6.9,8,5,95,57.33
3.7,2,9,1,4,9,4.3,0,3.9,7,6,3,14.29
2.3,1,27,9,1,2,8.3,5,9.8,7,4,64,46.25
0.7,4,0,9,8,4,5.4,5,2.2,9,3,11,33.89
6.0,1,2,9,2,2,8.0,6,5.6,10,1,12,26.57
6.7,5,7,8,1,5,3.3,1,0.2,7,1,33,41.83
6.2,2,7,10,7,3,5.9,1,5.8,2,6,58,65.78
4.6,5,26,3,10,10,7.9,7,0.7,1,9,92,56.85
3.8,10,19,1,9,2,4.6,0,11.7,1,8,72,79.39
8.6,9,21,8,9,9,8.6,0,9.5,7,2,30,76.04
5.2,8,14,7,3,5,7.4,2,5.9,5,9,70,52.19
4.8,0,23,5,6,10,7.1,0,1.0,4,8,12,28.28
0.3,5,6,10,7,5,5.5,7,7.1,5,9,53,44.55
3.4,8,10,7,10,1,6.4,6,9.1,10,4,1,57.9
3.8,10,6,10,9,6,7.2,2,2.3,10,9,32,53.48
4.0,3,28,4,2,7,6.3,4,6.8,6,2,49,38.45
5.8,10,3,9,8,1,7.9,1,9.8,10,1,6,66.02
5.3,1,24,10,7,9,6.0,1,9.2,6,9,17,53.98
6.1,3,11,2,4,8,4.4,5,9.6,1,10,50,32.23
7.6,0,25,9,2,8,4.5,5,10.6,2,8,7,46.75
8.1,2,5,9,8,7,3.0,7,11.3,3,7,54,56.62
7.2,9,13,5,5,5,5.1,6,4.9,4,8,75,56.94
9.6,8,11,1,6,3,8.2,1,6.8,6,1,42,52.66
0.2,9,10,7,7,9,8.6,7,9.5,9,9,58,34.95
2.0,4,18,10,10,7,4.4,6,8.4,2,10,29,62.36
0.1,10,20,10,1,10,9.7,4,11.9,8,9,58,40.5
6.5,5,4,4,8,10,6.5,4,0.2,9,9,8,22.42
9.0,2,13,9,4,8,9.4,3,4.3,2,6,91,52.85
2.4,4,20,6,9,6,7.9,2,3.4,9,4,67,50.38
9.3,10,23,3,1,5,8.1,5,3.1,7,2,38,49.41
0.6,7,15,6,2,8,3.6,2,2.7,9,4,80,38.09
9.3,5,24,10,6,3,4.5,5,8.5,6,7,10,71.92
3.5,3,12,6,10,7,3.1,3,1.0,2,1,1,49.66
1.0,1,24,5,1,2,8.0,1,8.9,8,9,22,23.8
4.9,8,28,2,4,3,5.4,7,8.3,10,3,62,52.7
2.6,0,21,10,8,2,8.5,6,3.0,9,4,113,62.75
2.8,0,21,10,10,5,5.4,2,3.0,8,5,21,58.15
3.1,3,24,2,5,7,8.7,5,7.5,2,3,60,43.25
8.0,6,19,7,9,10,3.9,2,9.1,8,4,25,62.55
5.4,0,21,2,6,10,4.2,1,10.5,3,5,11,32.87
3.1,8,3,6,1,1,5.4,6,10.2,3,1,31,43.08
6.1,3,10,5,6,10,5.9,0,11.6,9,9,8,26.42
7.2,2,16,4,6,9,5.4,5,7.0,9,10,106,40.75
2.7,0,6,7,6,1,8.3,7,10.9,9,10,68,33.16
4.1,9,13,8,8,1,3.7,0,9.7,4,4,89,87.36
1.2,3,25,4,6,10,5.5,3,10.7,7,9,70,37.47
1.8,8,10,1,5,8,8.9,6,0.1,8,4,92,25.44
6.8,9,27,1,2,6,3.5,4,11.6,5,1,32,53.9
1.8,5,21,1,4,6,9.6,2,5.7,1,5,23,28.87
5.3,5,8,1,10,9,9.9,5,9.6,9,9,88,30.92
7.1,0,22,5,5,4,3.6,7,1.5,6,3,94,51.16
1.1,9,12,4,10,8,5.0,2,4.8,3,5,92,65.65
5.7,1,22,9,4,4,5.6,3,3.3,3,3,68,61.7
2.6,10,17,3,2,2,8.4,3,3.5,10,3,37,35.32
9.6,5,27,7,7,8,7.2,2,1.5,1,1,108,79.87
4.8,1,10,8,10,7,7.5,5,9.7,8,2,10,45.92
8.1,2,14,6,10,4,8.3,7,0.1,2,2,31,53.66
5.5,3,24,10,2,9,3.8,6,3.8,1,9,63,51.02
0.4,10,25,1,1,9,8.8,1,2.1,7,7,71,27.85
6.3,4,24,8,5,8,7.9,6,7.1,9,8,19,43.48
9.5,8,21,10,1,1,7.0,1,3.1,6,2,33,67.67
6.0,3,28,3,1,7,9.2,7,3.1,8,9,110,30.32
8.2,10,18,8,1,5,7.9,4,5.9,8,3,41,52.43
8.8,8,0,4,6,7,4.4,6,7.8,9,10,7,29.59
2.3,10,3,8,9,9,6.0,7,1.5,7,2,65,50.45
2.1,9,13,1,10,2,6.5,2,2.1,9,1,20,49.51
6.1,2,13,3,1,4,3.4,2,3.0,9,9,78,27.94
4.1,7,2,6,5,4,9.7,5,11.7,1,8,69,46.15
8.4,0,29,9,9,2,3.9,2,4.8,6,4,4,75.08
9.0,10,27,2,9,3,7.9,5,7.2,8,7,117,80.6
3.5,8,16,1,1,8,6.5,7,2.9,10,3,117,27.42
2.4,8,2,10,8,9,3.2,2,5.9,9,3,66,54.49
7.8,9,15,3,1,6,9.5,3,0.9,4,4,106,41.07
2.7,1,13,4,8,10,9.0,0,0.4,2,2,42,33.54
8.2,3,29,5,1,2,6.7,7,5.6,9,10,15,36.5
4.2,7,19,3,5,2,4.6,2,4.8,9,4,98,57.36
6.7,6,28,10,8,7,3.9,0,1.6,8,10,72,75.37
1.0,0,12,2,6,8,5.5,1,8.3,3,3,34,27.03
6.2,4,14,2,9,8,4.8,4,11.9,5,8,82,50.81
4.5,6,13,7,1,6,6.5,6,4.7,2,2,42,39.23
5.9,3,23,9,9,10,9.8,6,7.5,3,9,109,67.04
1.7,0,24,10,1,8,7.0,7,11.6,1,3,97,47.1
7.4,8,18,2,10,1,9.2,1,10.0,4,4,38,72.77
8.6,4,5,7,10,9,7.6,2,5.6,5,10,9,41.51
2.2,10,9,7,3,1,6.3,6,8.8,2,10,73,56.68
1.0,1,26,7,1,3,9.0,5,1.5,3,3,19,29.84
0.2,7,14,3,3,9,6.3,1,6.1,6,3,0,18.77
6.4,10,20,7,2,5,9.1,3,3.3,6,8,5,45.49
6.1,1,21,1,2,9,5.0,0,1.9,7,8,52,17.92
5.5,2,19,10,9,9,3.9,5,5.1,9,6,45,54.12
2.3,9,25,1,8,6,9.0,6,1.6,4,4,65,51.23
3.9,0,5,5,1,1,7.1,5,8.4,5,1,37,26.26
5.9,10,22,2,4,10,9.2,2,5.5,2,4,32,42.98
5.0,1,24,9,1,7,9.6,3,6.4,6,8,66,37.45
9.9,6,9,7,1,6,3.4,0,1.8,4,6,99,55.07
1.4,9,6,4,4,9,6.5,3,1.7,5,2,76,35.3
7.0,1,21,4,2,7,5.6,1,7.0,7,3,34,34.03
4.0,5,16,2,3,4,7.4,2,11.8,6,7,78,40.59
4.3,2,17,5,9,7,8.6,5,1.2,8,4,44,36.74
7.2,3,16,4,2,2,5.0,5,3.4,6,4,21,35.09
6.9,10,8,1,4,6,6.9,1,10.4,10,5,106,46.01
9.9,7,9,8,1,6,8.0,5,0.9,8,8,67,33.21
1.3,2,9,3,2,2,3.9,4,10.5,4,7,16,23.96
1.0,9,24,6,5,4,8.7,2,6.3,7,9,4,46.64
7.2,5,6,4,10,8,7.2,1,4.9,3,5,84,53.1
5.8,0,15,9,1,8,9.6,2,3.7,1,1,56,34.86
2.7,6,28,7,7,8,5.4,0,3.6,9,4,87,64.8
0.8,7,17,9,4,8,3.8,2,3.7,9,6,94,54.45
0.9,10,5,10,6,1,6.5,2,10.6,6,6,39,63.17
8.9,7,26,3,8,2,3.6,0,8.7,2,9,116,89.3
1.9,2,19,1,6,4,9.8,1,8.0,8,10,119,36.82
3.2,9,0,5,2,9,3.3,2,9.6,10,5,29,26.94
2.3,0,0,3,1,3,8.3,3,3.1,6,5,41,2.22
3.5,8,11,6,8,6,6.7,2,7.4,7,6,6,46.46
0.7,5,20,8,8,7,5.6,1,5.5,1,6,112,70.21
5.2,10,27,4,9,8,3.5,7,9.4,3,3,70,77.45
0.7,8,1,5,6,7,7.4,5,3.7,1,6,90,40.79
8.0,6,3,5,1,3,7.1,6,7.7,10,8,87,35.33
2.3,0,16,4,9,6,5.0,0,10.6,1,6,18,47.75
5.4,0,3,4,3,5,9.4,5,4.8,1,5,40,18.34
8.8,5,10,4,6,10,5.1,1,0.8,4,3,119,53.32
6.5,4,21,4,10,4,6.1,4,6.2,7,1,33,59.58
5.3,8,25,4,10,1,6.8,6,4.2,7,5,21,68.24
3.2,1,3,5,9,7,3.7,5,8.1,5,6,51,37.56
3.3,7,0,2,3,8,9.5,2,11.4,6,6,114,29.04
6.7,10,6,2,5,2,5.6,6,5.8,2,6,90,62.27
9.9,4,29,9,5,7,3.6,2,5.6,5,3,5,67.81
6.6,1,17,2,10,6,5.7,0,7.9,7,4,73,53.39
5.6,9,8,6,7,5,7.2,2,1.2,9,3,108,58.86
7.3,10,28,2,4,4,6.6,6,3.0,6,2,94,66.57
4.7,10,2,5,4,2,7.9,3,11.0,10,8,24,38.41
0.6,5,7,4,7,10,3.4,3,8.0,4,7,65,34.15
5.6,9,28,7,9,6,5.0,7,0.2,3,8,9,68.23
9.6,7,23,7,4,5,8.7,5,2.5,9,6,73,55.86
1.8,3,18,6,4,2,3.6,1,8.2,7,7,25,46.62
6.9,1,3,10,6,10,9.0,7,9.2,6,1,4,32.81
2.0,10,17,5,6,7,3.6,0,10.1,7,10,85,59.95
5.4,4,19,1,7,6,8.8,4,3.5,8,5,67,39.32
1.0,1,26,3,1,9,5.5,7,11.2,5,4,118,33.59
4.5,1,10,9,3,10,7.3,5,6.6,3,10,97,36.01
7.6,5,26,1,9,5,4.1,1,8.4,3,3,70,74.1
3.5,10,13,5,6,9,3.5,0,7.2,2,2,49,59.71
6.6,9,24,2,6,9,4.5,6,1.5,8,9,16,37.38
8.0,8,17,4,5,1,3.9,0,11.6,1,8,10,69.58
9.3,3,27,1,3,5,5.2,6,1.5,8,10,52,32.66
2.3,5,27,3,5,9,6.6,5,3.1,3,2,49,41.13
4.0,6,28,10,1,7,7.1,1,9.8,9,6,7,45.07
1.5,10,15,7,3,6,8.5,7,7.4,2,3,91,56.23
9.9,5,2,10,4,6,7.6,1,10.1,10,3,107,62.74
9.3,7,14,3,5,7,7.3,2,6.2,9,5,119,52.87
5.4,3,26,4,10,1,5.9,4,4.5,6,7,96,71.98
8.4,0,26,2,9,4,6.3,3,11.1,1,7,115,75.25
5.2,6,30,3,4,1,5.9,2,0.4,5,10,61,54.12
6.2,2,3,9,3,6,8.9,0,10.3,10,1,88,42.8
0.9,5,4,3,10,4,4.6,4,2.8,9,7,84,38.84
7.6,1,16,5,1,1,3.0,4,10.2,6,7,75,47.62
1.3,8,6,2,10,9,7.6,1,1.7,7,6,89,40.05
8.3,0,15,4,6,4,4.4,4,7.0,4,6,28,45.3
7.8,5,13,7,7,6,9.2,5,10.7,1,2,101,73.19
7.1,5,25,7,10,7,9.0,4,5.7,5,3,98,81.37
0.4,4,15,3,8,8,3.5,0,9.0,2,3,100,58.14
3.0,4,6,5,1,9,3.7,5,9.7,8,3,109,30.55
2.6,0,8,1,4,9,6.5,5,8.8,4,2,43,14.07
3.6,9,3,10,5,8,7.3,2,11.1,1,9,108,63.31
0.9,4,29,10,2,10,4.9,4,5.4,10,6,44,39.0
9.4,1,29,10,1,3,8.0,1,2.1,7,2,28,53.28
5.5,6,21,1,8,2,7.2,6,0.6,2,3,112,64.73
3.1,2,10,5,6,5,5.3,2,3.0,3,10,87,43.25
4.0,3,1,10,5,1,3.2,1,1.7,9,6,58,44.57
4.5,2,11,9,9,3,8.3,4,6.7,9,4,14,50.41
6.0,2,11,1,2,1,4.5,2,2.2,2,7,69,35.8
5.2,3,29,1,10,3,8.8,4,0.5,3,6,95,61.62
9.2,4,3,4,8,4,5.9,0,0.4,9,6,43,38.25
5.0,0,17,4,10,7,7.0,2,10.0,1,3,97,62.09
9.9,3,25,2,9,5,9.1,1,7.1,2,8,35,62.11
8.5,10,20,9,1,5,9.0,0,4.3,2,9,83,67.2
2.1,7,30,9,7,1,5.6,3,10.7,10,6,120,84.86
9.3,9,6,2,8,8,4.5,1,0.8,3,2,56,55.08
1.2,6,28,9,3,4,8.4,6,11.8,10,1,116,66.67
8.2,8,0,6,4,10,6.0,7,7.4,3,3,63,43.3
3.8,4,30,8,3,5,4.3,4,2.2,10,3,75,54.01
8.8,9,25,10,7,2,9.3,1,8.1,2,8,98,96.33
8.7,3,25,4,9,1,4.4,3,9.2,8,5,112,80.52
8.1,7,22,2,3,9,3.2,1,5.2,8,1,37,43.21
7.9,8,25,2,6,2,3.1,0,10.3,8,4,119,84.47
3.0,6,12,9,8,6,7.4,5,1.8,2,7,16,49.39
0.8,6,5,1,6,1,7.6,7,3.3,9,5,26,22.05
4.0,4,5,7,2,1,5.2,1,1.1,7,10,16,29.17
1.7,3,11,3,7,9,5.2,2,2.5,5,6,62,32.07
6.9,9,7,3,2,4,5.4,6,2.9,7,10,10,24.14
3.5,0,23,2,2,9,7.8,3,11.0,8,4,63,22.74
9.8,9,21,10,2,5,3.4,1,0.9,9,2,118,78.57
6.4,9,18,6,1,7,9.5,3,5.1,2,9,38,40.42
8.2,6,4,10,1,1,4.6,5,6.4,6,2,1,47.22
1.3,0,17,2,7,6,10.0,0,10.8,9,2,114,37.67
8.6,0,30,10,5,8,4.2,2,12.0,6,2,65,74.09
9.2,4,29,4,3,1,8.4,4,9.0,2,1,53,65.72
4.9,8,4,10,1,9,4.6,1,11.6,1,3,28,49.65
6.1,5,29,9,10,3,3.6,0,9.4,3,6,44,93.38
7.6,2,24,9,6,1,9.1,7,11.6,5,7,87,71.44
1.7,2,9,6,1,1,9.0,3,8.5,7,1,87,35.76
5.0,6,0,4,9,6,5.8,5,1.0,10,5,79,37.62
4.0,5,9,7,2,6,7.9,6,4.8,10,5,30,23.92
1.5,8,4,1,1,1,6.9,3,7.8,3,1,48,29.0
3.7,5,11,4,7,3,9.0,6,4.2,9,4,106,46.29
0.7,4,21,5,6,7,5.2,5,3.3,10,10,8,27.98
0.3,9,29,8,6,10,6.7,6,6.9,4,1,26,56.74
1.4,6,26,2,5,3,6.4,5,11.2,10,1,55,47.3
9.6,0,6,5,4,3,5.5,0,0.4,2,7,104,47.95
5.5,6,8,6,4,3,9.2,1,9.2,3,7,77,52.78
9.7,2,21,5,3,7,4.2,4,8.7,5,3,44,49.52
4.3,8,20,9,10,4,4.0,1,11.6,3,7,88,94.69
3.1,5,11,10,8,4,7.0,7,11.2,5,3,42,63.32
5.1,8,22,1,7,3,7.6,7,9.1,4,2,107,68.99
4.4,4,28,3,9,10,4.4,2,6.2,10,10,21,42.47
1.1,6,0,2,1,9,5.7,1,2.5,3,4,98,17.8
6.4,3,10,3,7,2,9.6,5,6.5,6,10,32,35.53
2.2,6,29,10,10,4,4.7,5,9.2,8,3,26,81.55
6.2,0,20,9,4,8,7.7,2,10.7,4,7,39,45.53
6.5,6,14,9,7,6,8.2,3,9.5,9,1,25,56.82
1.5,7,1,10,1,7,6.1,5,2.3,6,6,82,33.42
0.6,4,19,2,5,7,9.6,2,7.2,5,2,44,30.83
7.8,1,6,3,3,2,8.2,5,4.0,3,8,102,30.76
4.6,4,20,4,5,4,6.2,4,0.1,5,5,44,42.97
0.6,5,11,9,4,10,7.0,5,2.4,5,3,25,28.11
9.9,1,21,3,2,10,7.8,0,1.4,4,10,69,28.62
0.6,5,17,7,4,6,7.1,2,10.1,6,7,66,45.54
7.0,5,2,3,3,3,9.2,6,3.1,3,2,5,23.82
9.8,0,6,7,1,9,5.5,7,3.4,10,5,27,14.02
2.4,0,10,7,10,4,5.1,1,11.5,1,8,66,60.08
1.4,10,17,9,8,10,4.5,2,4.5,7,1,12,59.47
1.2,9,11,2,5,2,3.3,3,0.1,7,1,62,44.64
3.0,2,5,6,4,6,3.3,5,3.4,4,3,12,27.02
1.0,9,4,9,10,1,9.1,2,1.4,9,3,120,71.15
6.9,9,25,2,5,6,7.7,4,1.2,2,7,76,54.97
0.6,2,0,2,4,10,7.6,2,0.9,1,6,0,0.0
5.1,3,11,5,3,1,7.3,4,7.1,3,7,39,38.31
10.0,1,26,10,5,8,8.9,7,2.3,7,4,36,51.07
8.1,8,30,10,4,5,6.4,7,4.3,9,2,30,68.22
6.2,9,25,10,1,6,9.1,5,10.3,2,2,115,80.17
3.1,10,10,8,3,2,5.5,1,5.1,6,10,16,47.18
6.2,6,3,9,10,2,9.5,5,11.0,3,1,8,65.42
5.3,6,26,2,10,9,7.9,3,6.0,5,9,108,61.9
4.3,5,17,5,8,3,4.8,0,4.8,9,7,63,56.88
1.3,2,3,7,7,6,6.9,1,9.0,3,10,56,38.86
8.9,5,16,6,2,10,6.7,1,0.9,1,3,12,35.32
4.5,7,1,6,1,5,4.0,7,1.1,5,2,36,25.53
1.9,7,28,7,3,4,7.1,0,7.8,1,3,13,58.06
3.7,10,23,3,5,10,5.2,2,5.8,8,7,74,50.59
4.1,8,21,3,10,2,3.4,5,9.5,7,5,24,70.06
8.3,0,1,10,1,8,9.6,2,11.0,2,3,94,40.42
7.3,0,11,9,3,10,7.5,2,4.7,9,9,77,28.98
7.7,2,30,8,3,7,9.1,5,7.2,5,2,56,54.74
0.1,2,5,5,5,2,7.7,3,6.0,7,7,70,30.58
4.2,9,9,6,3,6,5.5,1,11.8,4,10,87,52.5
4.8,7,24,10,9,8,6.6,4,10.0,1,6,112,89.99
0.2,9,22,1,1,7,7.7,0,10.9,8,6,99,39.23
2.6,0,24,10,4,1,9.7,1,3.1,1,7,41,53.42
7.6,1,20,1,10,5,4.8,2,9.3,3,6,41,56.71
1.4,1,22,4,10,2,9.1,0,3.2,6,2,46,53.95
5.4,2,26,2,4,6,9.5,4,2.5,8,5,115,34.28
2.2,5,15,7,1,7,7.7,1,11.3,8,3,43,35.87
0.1,0,30,2,2,7,9.5,1,0.2,2,9,40,15.16
2.4,1,13,10,1,3,5.8,3,11.6,9,8,2,25.6
9.8,0,6,2,6,7,9.7,1,1.8,4,10,110,32.66
8.0,4,27,5,3,5,7.9,1,9.8,4,2,107,70.22
9.6,6,27,4,7,8,3.3,4,3.3,2,1,89,76.01
4.9,7,18,8,5,8,9.3,4,4.2,1,4,110,65.54
1.1,9,22,4,9,7,6.4,0,2.6,10,4,89,62.45
5.5,0,16,6,7,6,6.2,2,7.0,7,10,0,35.38
4.5,6,8,5,4,2,7.0,4,4.2,10,2,78,45.4
8.4,4,25,2,5,6,4.0,0,7.9,3,7,10,51.75
1.0,9,12,8,5,9,6.3,1,0.2,4,3,100,54.45
4.9,0,21,2,5,2,8.8,7,0.8,9,7,6,14.68
1.5,2,4,9,10,1,3.1,0,1.2,6,7,11,49.4
3.2,6,22,9,9,5,4.9,7,5.0,1,1,115,84.78
7.4,9,4,3,10,6,3.0,0,9.8,9,6,120,74.74
4.8,0,9,4,3,3,5.9,0,10.7,9,4,37,28.52
3.8,6,20,8,6,8,8.1,7,2.9,5,8,53,46.78
3.9,4,26,9,8,7,8.6,5,6.9,8,8,66,59.94
4.6,0,9,3,9,2,9.6,0,9.2,7,3,105,51.58
7.9,0,26,5,7,7,7.3,7,3.5,8,4,52,46.96
8.9,0,6,8,3,1,4.8,4,4.9,9,1,89,47.69
9.6,10,25,3,1,9,9.5,6,6.3,2,10,117,54.2
7.9,8,14,7,4,7,8.4,6,1.6,10,2,93,49.08
3.2,10,6,8,6,6,7.0,6,0.3,5,7,31,40.97
6.9,2,28,10,3,2,7.9,6,1.8,8,7,99,58.81
4.4,4,26,3,1,3,9.5,5,7.5,3,9,44,34.77
2.5,10,14,2,6,1,8.0,2,0.9,6,10,50,43.19
8.4,9,2,10,1,10,5.6,7,2.3,6,9,36,30.71
0.4,8,18,7,9,5,8.0,0,4.1,7,9,118,64.62
9.0,5,9,9,1,9,3.3,3,0.9,3,6,58,43.12
4.6,8,27,1,6,6,5.7,6,2.3,8,8,53,41.15
6.4,7,28,3,1,5,5.8,1,10.9,8,9,17,43.27
6.6,7,14,5,7,3,4.2,6,0.2,9,7,0,43.06
9.0,0,2,3,3,5,3.2,6,7.8,8,4,116,31.56
6.4,8,5,1,6,8,3.9,1,4.6,3,4,20,37.48
6.1,5,11,7,7,2,7.6,5,8.1,6,6,27,51.99
0.7,8,14,7,1,5,8.6,1,7.1,9,4,111,45.11
5.2,2,5,10,1,6,9.9,1,2.7,1,7,15,28.31
1.5,2,12,8,5,10,5.4,5,10.2,3,8,47,32.23
7.4,5,28,5,6,8,7.2,1,5.9,2,8,27,56.81
5.1,8,18,10,9,8,9.6,0,9.9,8,8,21,63.59
6.8,6,2,5,1,5,4.2,6,4.9,6,2,82,37.63
0.4,2,7,5,4,9,8.0,2,11.8,10,10,111,23.1
0.8,2,7,1,10,4,8.3,5,9.2,8,2,0,23.43
7.2,1,22,10,8,9,3.6,3,11.6,2,2,94,80.26
0.7,8,25,5,10,7,9.0,5,6.2,6,2,115,69.09
0.7,2,19,6,9,6,8.7,4,5.7,7,4,115,55.58
0.1,10,14,1,3,4,3.2,3,9.1,8,5,41,36.63
9.6,4,3,7,2,2,3.6,4,10.6,9,4,97,56.37
7.4,8,18,1,4,8,3.3,7,11.6,5,5,109,55.73
3.5,7,20,2,2,6,5.3,7,3.9,3,4,103,42.47
3.0,1,2,2,1,3,6.6,5,9.6,2,7,69,15.51
3.5,2,12,5,3,7,6.7,4,2.5,8,10,91,20.79
7.7,1,7,10,7,10,4.9,3,6.5,1,1,2,46.22
6.6,7,22,7,1,7,9.4,0,2.2,10,1,94,49.76
1.9,5,15,1,2,6,5.6,5,4.2,6,2,79,28.18
1.7,5,12,10,1,2,3.3,5,11.2,2,1,80,59.17
1.0,8,2,1,8,8,5.1,1,1.8,3,10,43,29.83
6.6,7,15,1,5,1,6.7,5,7.6,8,10,26,37.87
7.6,3,8,6,8,1,5.9,6,7.1,1,3,50,63.38
2.7,3,27,2,3,6,4.9,7,1.4,6,6,23,27.1
0.2,8,13,1,7,5,3.9,6,3.9,3,10,19,34.35
0.8,0,12,6,8,9,8.7,5,6.8,6,6,31,24.38
9.7,1,20,2,6,7,10.0,7,2.2,3,1,98,44.16
3.0,1,24,6,7,2,5.3,7,9.6,8,6,12,42.72
7.7,5,6,10,2,7,5.7,0,11.7,5,5,111,59.92
6.2,3,14,8,8,3,7.3,1,2.6,4,7,42,57.89
3.8,10,6,2,5,1,8.0,2,2.2,9,6,19,31.51
2.1,9,5,9,7,8,5.7,4,5.5,5,7,111,59.46
1.2,2,1,8,1,3,9.3,3,9.0,4,2,115,36.54
6.2,2,8,10,5,8,6.9,2,3.4,8,1,1,34.69
7.7,2,21,1,1,7,6.2,1,0.2,8,7,67,21.22
6.4,5,23,7,8,2,7.5,6,6.5,8,9,90,68.76
5.3,7,16,10,4,1,9.7,6,11.5,4,2,59,70.19
0.4,10,4,6,4,7,8.6,6,4.7,1,7,88,38.94
9.7,6,11,6,2,1,3.3,0,5.0,2,3,3,58.39
8.0,3,0,6,5,6,5.3,7,11.6,4,6,95,46.56
2.9,10,9,6,1,10,6.3,6,8.3,10,3,16,23.19
9.8,3,10,10,9,10,5.2,3,8.6,2,10,0,57.49
6.0,10,15,7,5,8,7.9,4,6.8,10,5,32,48.01
5.8,9,13,3,6,7,8.8,5,11.7,3,2,29,52.25
7.5,10,7,6,2,4,8.1,5,8.3,9,8,4,35.0
8.1,10,23,3,10,1,9.9,2,10.7,9,8,117,84.33
6.6,10,16,7,10,1,4.9,4,8.4,9,7,11,74.65
1.3,1,24,7,1,4,9.1,1,8.8,7,6,101,39.42
3.4,0,17,8,4,5,8.4,4,3.5,4,1,31,37.31
9.3,8,11,2,7,7,5.5,0,3.6,1,8,37,53.22
2.2,1,24,9,6,4,8.1,2,9.4,3,1,120,71.98
3.7,7,16,5,10,10,3.7,2,3.6,8,8,16,46.14
4.3,8,27,9,1,1,8.5,0,6.8,4,2,57,66.88
4.4,3,25,10,1,10,6.7,4,3.0,10,8,117,40.93
6.1,7,13,5,8,7,5.0,6,9.8,10,10,108,57.38
9.4,8,15,7,4,2,7.6,0,1.3,2,4,39,65.7
2.4,9,13,9,5,2,7.5,6,10.0,8,7,95,62.27
1.2,9,8,4,7,8,4.5,3,7.2,7,5,23,40.76
2.0,4,3,2,8,10,3.2,0,2.2,10,8,11,12.89
8.9,6,24,9,10,10,6.0,6,6.5,9,6,110,80.05
6.5,9,22,2,7,10,7.0,4,3.4,2,5,94,60.26
2.9,3,10,3,2,5,9.1,6,3.9,5,1,18,14.04
8.2,0,5,10,4,10,9.5,0,4.2,6,3,28,33.32
8.6,2,14,2,10,2,6.7,1,0.8,2,10,84,56.87
8.5,4,4,3,1,5,8.3,5,11.8,2,9,89,35.44
9.2,2,10,6,10,8,6.1,0,0.4,10,9,51,46.27
2.5,10,24,3,9,6,8.2,5,7.9,4,5,91,67.94
7.6,6,17,10,3,3,4.4,0,4.5,8,3,16,61.93
4.6,8,29,8,3,8,5.6,4,7.8,5,6,72,63.14
8.4,5,12,6,10,9,7.4,3,4.3,9,5,20,48.22
7.3,9,10,7,9,5,3.1,3,8.1,4,1,113,88.56
7.8,0,13,1,10,2,8.1,5,8.8,3,2,59,53.2
6.6,6,27,3,3,2,8.8,7,8.3,10,5,97,53.75
1.8,2,17,3,8,7,5.8,7,1.4,8,9,74,31.06
5.5,4,26,2,2,1,6.1,4,7.9,1,4,118,59.05
9.8,9,27,7,3,10,9.0,6,3.4,9,9,19,45.23
9.4,3,30,9,2,2,8.4,4,0.3,4,3,112,68.63
0.4,9,24,4,1,10,5.0,7,5.0,9,1,52,32.28
1.6,4,27,5,2,4,5.3,4,5.2,8,6,113,49.64
1.3,4,18,3,8,1,7.8,1,5.6,3,10,110,56.48
7.3,5,23,9,9,4,6.9,2,8.5,3,7,102,87.45
8.2,9,26,4,2,10,4.1,7,3.7,9,4,79,46.48
2.1,9,14,5,7,5,5.2,7,3.8,3,10,62,51.23
5.1,10,8,1,5,9,9.3,0,0.7,4,5,56,32.67
8.4,5,7,2,3,1,7.8,4,8.2,9,4,28,33.52
7.3,7,19,9,9,5,9.9,4,6.8,4,3,0,69.89
5.4,7,27,2,6,2,8.4,4,4.2,3,1,81,68.56
5.9,10,0,5,1,9,9.6,3,8.5,7,6,58,25.36
5.1,8,3,8,5,6,4.5,4,6.4,6,10,63,47.36
3.0,7,13,3,7,2,8.4,7,5.6,1,5,85,52.87
5.7,10,24,6,4,3,3.1,0,6.1,10,1,71,72.04
6.9,1,1,4,8,8,7.7,6,7.6,8,5,70,31.53
8.7,9,15,7,10,1,6.3,6,7.9,1,6,88,95.16
6.4,10,2,10,5,3,5.4,4,3.5,4,10,93,63.24
7.6,0,25,3,9,10,9.0,0,1.7,6,5,97,48.49
1.6,9,7,6,9,1,9.0,1,1.9,6,1,43,58.39
4.6,1,5,10,9,8,3.2,6,7.7,7,5,47,48.96
0.1,1,15,9,1,1,7.3,7,10.5,5,10,104,38.91
2.5,2,23,10,2,5,5.6,2,4.9,5,1,115,61.24
7.3,9,15,1,3,4,5.9,3,2.0,4,3,74,48.13
9.9,6,6,3,4,7,8.8,0,9.1,6,2,14,36.8
1.0,1,29,2,10,5,5.2,6,10.0,7,1,34,51.65
4.0,0,12,8,9,8,9.6,6,10.6,10,4,22,35.03
8.0,5,12,7,10,1,4.3,5,7.3,10,2,52,70.92
2.0,8,4,2,6,5,7.6,1,10.3,1,5,44,42.44
5.6,2,24,6,1,4,7.7,2,0.2,9,10,84,33.78
7.3,5,19,3,9,3,4.8,2,1.3,8,1,91,66.63
6.2,2,21,8,6,5,5.3,2,1.1,7,10,12,43.14
1.9,0,17,10,4,10,8.8,7,8.6,9,1,33,30.28
3.6,4,14,3,4,3,8.3,0,0.8,3,10,37,31.69
7.8,9,17,10,3,8,5.3,1,6.0,10,4,69,61.89
5.5,10,1,9,7,3,6.7,4,5.7,4,7,107,71.89
0.1,3,9,1,3,1,3.4,5,3.7,7,2,67,25.13
7.6,6,22,5,2,9,4.5,1,10.4,6,2,4,47.16
0.4,5,12,3,10,9,6.4,1,2.0,2,1,118,56.1
7.5,9,17,6,8,6,3.6,6,4.2,2,5,39,69.47
2.0,6,14,10,4,10,8.9,1,9.3,10,6,69,43.02
9.6,4,30,2,8,1,8.0,0,0.4,7,6,20,56.52
3.7,3,11,9,1,8,9.6,5,8.1,9,2,27,21.04
3.3,6,14,6,5,2,7.9,0,9.8,9,7,2,40.46
1.5,6,12,7,9,9,9.6,5,11.2,7,6,22,42.11
3.1,5,17,5,1,8,6.9,5,10.5,8,8,71,32.19
8.8,7,14,9,4,3,7.2,6,3.8,10,6,18,52.7
10.0,3,24,1,6,5,9.8,0,7.0,3,9,116,60.46
3.7,9,22,5,10,9,7.5,5,0.9,1,10,74,63.51
4.5,4,10,10,8,1,3.2,1,3.1,7,2,49,65.55
7.2,3,18,6,3,9,8.1,0,1.1,8,7,73,34.01
8.9,0,2,7,5,4,9.3,5,3.8,2,5,57,36.32
5.9,7,6,4,7,4,8.6,7,10.5,9,1,91,51.31
3.9,0,20,1,1,4,7.1,2,4.2,4,3,19,17.84
4.1,4,25,8,7,10,7.7,0,6.7,10,4,107,59.95
7.0,5,13,10,8,9,9.9,6,5.2,9,2,115,59.04
0.0,5,13,4,8,6,3.6,7,5.5,3,7,91,49.95
6.2,4,21,3,9,8,7.7,7,11.6,8,1,92,56.77
3.6,2,12,7,6,4,5.0,3,3.6,2,3,71,53.78
7.9,4,11,2,6,3,7.5,0,7.5,3,9,82,54.89
0.9,7,23,8,2,1,7.3,7,5.0,1,2,52,56.2
5.9,1,8,6,3,10,4.1,0,0.7,5,5,111,30.81
4.8,5,0,7,4,7,4.4,0,5.9,4,4,84,45.16
6.4,8,18,5,4,4,7.4,5,9.8,1,3,81,68.53
0.6,7,10,9,8,8,3.9,0,1.2,10,5,8,45.44
5.8,10,22,5,1,3,4.9,3,0.8,9,6,3,38.67
5.6,7,21,5,10,1,8.8,4,1.8,6,1,40,69.86
5.6,7,22,3,4,5,5.3,0,9.2,6,2,24,52.05
6.0,6,23,1,4,2,6.4,2,8.7,2,1,33,55.62
6.8,7,21,2,1,3,9.6,3,6.8,7,3,72,47.51
8.0,5,18,8,3,6,4.6,4,5.6,9,8,8,39.09
2.7,1,17,1,5,3,5.7,5,10.7,6,8,81,35.93
8.3,1,11,7,6,3,7.2,0,9.2,8,4,74,57.02
5.0,7,22,5,9,6,8.3,4,9.7,5,6,12,60.18
0.8,10,27,3,9,5,9.3,2,9.8,2,9,101,73.61
0.6,0,27,7,9,10,9.4,3,7.7,4,7,8,39.14
3.3,5,27,9,1,9,8.4,3,5.5,1,2,79,53.72
7.8,5,26,2,9,1,4.6,5,10.4,1,2,3,73.18
7.1,10,0,8,8,3,3.2,5,11.1,6,3,33,69.08
7.9,3,18,9,2,3,5.7,5,0.3,2,8,6,44.44
5.2,10,27,3,1,6,4.0,4,0.6,6,10,14,36.07
4.4,10,26,2,1,8,8.0,0,11.5,1,9,120,59.13
1.5,9,19,7,6,3,7.6,1,3.3,10,3,37,54.32
3.3,2,28,5,9,3,3.3,7,10.5,3,9,74,70.64
4.3,10,29,5,7,6,8.9,3,4.7,9,10,95,64.18
0.9,2,16,10,5,8,4.7,1,1.4,2,8,90,46.81
2.2,0,4,5,2,6,6.0,6,1.0,8,5,93,15.2
6.0,2,25,4,1,10,7.7,3,1.9,6,10,51,19.18
7.4,3,2,5,2,3,6.0,7,3.0,6,3,80,31.08
10.0,10,1,4,1,4,6.1,5,5.9,7,7,99,43.41
9.3,10,30,6,3,1,3.5,7,8.4,5,9,82,83.24
6.4,4,2,4,6,8,5.8,0,11.8,4,6,6,30.74
4.2,2,7,2,8,4,8.4,0,5.3,6,3,106,50.13
6.4,5,15,9,3,6,9.4,3,6.2,8,5,44,45.49
7.9,10,5,2,10,3,5.9,4,6.3,4,7,58,63.8
1.2,4,12,9,9,6,6.0,6,6.5,5,8,20,46.82
4.1,2,29,10,10,9,7.9,7,6.2,7,4,27,59.84
8.4,5,22,6,5,9,9.6,5,0.1,6,2,2,38.74
3.8,5,27,9,7,10,4.9,0,0.0,4,10,13,53.21
5.7,7,21,9,8,3,6.1,6,1.2,4,2,1,67.59
5.9,1,21,3,3,3,8.6,6,1.2,10,3,28,22.82
1.8,0,15,1,2,4,7.3,0,8.5,4,8,17,13.95
3.6,3,27,1,2,7,3.8,2,2.5,1,1,36,36.35
3.3,6,15,3,5,3,7.4,7,10.7,5,7,44,41.4
0.3,10,2,5,1,10,4.3,6,11.1,8,6,44,22.17
0.2,9,27,3,2,8,6.6,0,11.7,7,2,23,42.55
8.3,2,12,9,9,8,6.7,2,11.3,5,9,119,65.96
2.7,2,13,9,7,6,9.1,0,3.3,3,5,45,48.86
5.2,4,7,3,6,4,6.2,0,6.1,1,2,11,42.72
3.0,4,11,3,9,5,5.0,6,2.1,7,3,52,40.93
9.4,9,22,5,7,2,4.6,4,9.7,3,7,44,79.39
2.6,2,22,2,5,6,9.1,4,10.7,4,7,31,33.0
4.3,8,21,6,9,3,4.2,5,10.2,5,10,17,68.8
8.7,3,20,7,6,6,6.0,7,5.2,8,1,12,47.59
8.4,2,25,9,6,5,4.3,0,9.1,7,10,3,60.12
1.9,10,7,6,4,2,8.4,7,1.2,9,4,22,31.31
8.0,1,20,3,1,5,6.3,5,0.5,3,6,61,27.96
4.6,9,24,5,5,5,5.5,5,9.0,10,8,53,53.9
4.8,10,8,4,9,9,5.5,5,5.1,1,3,73,62.75
1.3,8,0,5,8,8,9.0,5,11.9,1,3,54,47.28
0.8,3,5,8,8,7,6.9,3,1.2,10,8,68,32.44
7.3,2,22,8,5,3,8.0,6,10.3,1,8,113,71.9
5.0,6,18,6,9,10,9.3,6,5.8,2,8,39,50.96
4.4,7,22,1,3,4,9.3,3,9.9,2,1,13,41.68
7.3,10,10,8,3,6,5.3,0,9.8,7,8,97,65.65
7.7,1,10,8,1,3,9.7,3,11.0,9,8,27,30.05
1.6,6,22,2,9,9,3.2,0,3.6,8,2,71,54.03
6.1,4,29,4,6,8,5.6,4,11.4,4,9,79,61.75
1.4,10,12,2,2,6,9.3,6,1.8,2,7,94,33.44
7.5,4,10,4,8,4,4.9,1,1.0,3,8,70,55.21
6.6,2,17,10,9,7,4.9,2,5.2,10,2,66,66.63
9.6,4,22,7,9,3,5.1,6,9.9,5,4,28,74.83
0.7,1,14,9,2,10,7.3,3,5.7,9,7,99,24.42
0.6,3,0,8,2,8,6.1,3,10.0,8,6,60,20.03
2.8,5,20,9,7,1,8.1,4,8.8,3,7,102,74.48
